condition,family,n_rows,rows_analysed,dataset_index,converged,degenerate_bootstrap_redraws,answer_rate,mediator_mean,corr_m_y,nde,nie,te,nde_lo,nde_hi,nie_lo,nie_hi,te_lo,te_hi,rho_star_point,rho_star_point_lo,rho_star_point_hi,rho_star_point_in_range,prob_nie_above_threshold_at_zero,load_bearing_at_zero,rho_star_decision,decision_no_crossing_in_range,fitted_beta,fitted_gamma,fitted_sigma_m,fitted_mu_m
f1_no_cue_effect,f1_no_cue_effect,350,350,0,True,0,0.76,6.002294441120479,0.01470566707623336,-0.032414544924779465,-0.0008094875336780438,-0.03322403245845751,-0.1199739063061763,0.06986208884618442,-0.010030741523325986,0.006092955546597367,-0.11801192244835322,0.06712816149992007,0.017692354542602522,0.0027921868639949727,0.17240474647123324,True,0.0,False,,False,0.019201934971877638,-0.13131284172735302,0.9215281816098398,6.0728281961054575
f1_no_cue_effect,f1_no_cue_effect,350,350,1,True,0,0.7571428571428571,5.865560769005874,0.05630323662977823,0.0818136328471637,-0.007530927915403773,0.07428270493175992,-0.006107764192069299,0.17604307891280402,-0.018785712904585215,0.001598430285688698,-0.012272562608951135,0.17050734748587296,0.09724397070494441,0.004755040628042047,0.21335323921432806,True,0.0,False,,False,0.1023762451774456,-0.26315896143051165,0.9543917717410327,5.994132120578524
f1_no_cue_effect,f1_no_cue_effect,350,350,2,True,0,0.7542857142857143,6.030965519772231,-0.019750802497570195,-0.033254128558297125,0.0009509690745161947,-0.03230315948378093,-0.11812169663467512,0.05966969979753552,-0.004805178052775833,0.009444226463997922,-0.11618127765086153,0.06467141948572955,0.029017918500699336,0.004852622045618436,0.17616591276179594,True,0.0,False,,False,-0.03127376261005146,-0.09357412352692496,0.928258735660352,6.081228191838122
f1_no_cue_effect,f1_no_cue_effect,350,350,3,True,0,0.72,5.9451004709284225,-0.05165027439839221,-0.025439927639675397,0.002258496878501659,-0.023181430761173738,-0.11809376614921745,0.06424428593856063,-0.006861463216865729,0.0096804652931824,-0.11792437608254411,0.06728665035663506,0.07045432176418441,0.0024610064175834014,0.20809106331387275,True,0.0,False,,False,-0.07227516970820826,-0.0911184214537217,0.9772351517308058,5.990660105697279
f1_no_cue_effect,f1_no_cue_effect,350,350,4,True,0,0.78,5.954887251694477,-0.09840796690664004,-0.009682609189965663,0.0037004377322154003,-0.005982171457750263,-0.08808894884053674,0.07588924315233443,-0.004102997406984169,0.01760712953645153,-0.08140067972489082,0.07607322939757213,0.13805268074314658,0.017425068467876847,0.28973994072333814,True,0.0,False,,False,-0.14657590005110613,-0.08499265545399606,0.95095667222694,5.995196886224641
f1_no_cue_effect,f1_no_cue_effect,350,350,5,True,0,0.7657142857142857,6.125774870509011,0.02082857690363918,0.029208284430505937,0.0005124691752891319,0.02972075360579507,-0.05402646088531442,0.11393474042138772,-0.004571912596227296,0.008315282763973905,-0.054036497089598734,0.11641882412180198,0.027065548064849062,0.0033072782249060984,0.19234599736910687,True,0.0,False,,False,0.026046542779686287,0.06661746729657801,1.039503288195532,6.093608176462751
f1_no_cue_effect,f1_no_cue_effect,350,350,6,True,0,0.7542857142857143,5.9984274122343475,-0.014637588171401013,0.02526971009214507,-0.0002428639234319796,0.02502684616871309,-0.06714536423414662,0.11077811482140545,-0.006761304848894659,0.004947950082938219,-0.07114929724539804,0.11128151323597935,0.020460003299751624,0.0026153188774140097,0.17462424203173918,True,0.0,False,,False,-0.021708285999360658,0.03647394700596569,0.942694740803593,5.978418825463804
f1_no_cue_effect,f1_no_cue_effect,350,350,7,True,0,0.8028571428571428,6.041731126704812,-0.025368090037268802,0.005213327933959011,0.0006136842501689443,0.005827012184127955,-0.07721459298569484,0.07975040797765777,-0.004059260986102957,0.006390519060223682,-0.07888888401412442,0.08092721411888212,0.035573255556666766,0.003695482110137517,0.19509598954513854,True,0.0,False,,False,-0.03652905984217084,-0.06109184720532137,0.9744511711856293,6.070530749369959
f1_no_cue_effect,f1_no_cue_effect,350,350,8,True,0,0.72,5.965782810104525,-0.04223111795791686,-0.08804374328645659,-0.002212169796643293,-0.09025591308309988,-0.17444097684586465,-0.010445471374486868,-0.01429807240134412,0.004612867819709882,-0.1741072415174066,-0.01640732033401238,0.04892806908370429,0.007243120406441232,0.1956244534278551,True,0.0,False,,False,-0.04659957430879808,0.1323953127853346,1.0512272052790108,5.898072097494981
f1_no_cue_effect,f1_no_cue_effect,350,350,9,True,0,0.7485714285714286,6.0427409401047,0.04324971916366212,0.06649437754592724,0.0024856793110505926,0.06898005685697783,-0.026297818291982872,0.15145539035982017,-0.006160372805817654,0.016473409451555888,-0.023768835256929095,0.15178457733866602,0.04880824552171022,0.002953330689331852,0.19360429486340713,True,0.0,False,,False,0.04941899673099134,0.16982798653487396,0.9888198755096389,5.95200427301321
f1_no_cue_effect,f1_no_cue_effect,350,350,10,True,0,0.7514285714285714,6.0677093848704455,0.029995088105611974,0.057831051811705336,6.411495516311927e-05,0.057895166766868456,-0.03305339645476372,0.15750697878860817,-0.004993160510868271,0.0052779093119224635,-0.0369634148047323,0.15754543891739875,0.042067037590063264,0.0010115617877436134,0.17153688833143116,True,0.0,False,,False,0.04056736989238399,0.005380081148063071,1.0378860853205127,6.065238858615364
f1_no_cue_effect,f1_no_cue_effect,350,350,11,True,0,0.76,5.956193405951152,0.05873012981551186,0.05569296073057983,0.0012043145090110396,0.05689727523959087,-0.03124435109173487,0.13082824489760342,-0.0056970804484296565,0.009350686175469226,-0.0282885624206341,0.1303152682712773,0.0785805117132622,0.0026135562947154443,0.22803648540029875,True,0.0,False,,False,0.07592651628181556,0.054781600690909746,1.0381650343831603,5.928178223887988
f1_no_cue_effect,f1_no_cue_effect,350,350,12,True,0,0.7571428571428571,6.013639266306792,-0.026702337263710213,-0.013478549214569813,0.0020163723538163536,-0.011462176860753459,-0.11824569400550984,0.0786156433278852,-0.005687488095087437,0.016727426057616877,-0.11385608885970307,0.0771222197581969,0.03776362329441154,0.0034943070982817294,0.17705519105854267,True,0.0,False,,False,-0.03907811908578765,-0.1626507930742472,0.9670521560276577,6.095894041282918
f1_no_cue_effect,f1_no_cue_effect,350,350,13,True,0,0.7085714285714285,5.97660667101652,-0.047496655142642834,-0.043758594380675975,0.00038251313175607926,-0.043376081248919895,-0.1289983190879024,0.03942175795676374,-0.006184220871438791,0.00818965204882663,-0.1297566669964116,0.03851707244624471,0.06338843385921145,0.0022136816621563596,0.18101373935993575,True,0.0,False,,False,-0.06484543863458628,-0.01666822380213579,0.9795009578760865,5.984798059701417
f1_no_cue_effect,f1_no_cue_effect,350,350,14,True,0,0.7428571428571429,6.0034519858394635,0.03082560374864253,-0.06800822718222455,0.0028316470646722047,-0.06517658011755234,-0.1820735105914067,0.019114748065868097,-0.004880887646394999,0.016094626115918203,-0.18167290280192705,0.01857285336641426,0.05035997582574731,0.0031934339446632555,0.1805913780208298,True,0.0,False,,False,0.05104884184168926,0.16219488057948406,0.9877590829174251,5.920040016391496
f1_no_cue_effect,f1_no_cue_effect,350,350,15,True,0,0.7771428571428571,6.009682151503634,-0.01883335201581483,0.020183368537103563,0.0003234060042239806,0.020506774541327544,-0.06107373756700827,0.10379233639524744,-0.005587216478171483,0.007106907095839819,-0.0586707786737285,0.10411673847913548,0.025473005389060527,0.002579992413429282,0.1902653954978122,True,0.0,False,,False,-0.0263307240841973,-0.04243602943067145,0.9677391976445012,6.028597090981624
f1_no_cue_effect,f1_no_cue_effect,350,350,16,True,0,0.7371428571428571,6.018252097254163,-0.05726187012432285,0.0626928055496544,0.00011086701630191875,0.06280367256595631,-0.022475585812764723,0.15312186932441307,-0.0069548400946265465,0.007774215666704869,-0.01958962099812002,0.15546075896708492,0.07899766477749771,0.005526631270626839,0.2183508192089321,True,0.0,False,,False,-0.07783557490108042,-0.004684435107428442,1.018111863067922,6.020621083008492
f1_no_cue_effect,f1_no_cue_effect,350,350,17,True,0,0.7914285714285715,6.01362759411621,-0.008543269719114375,-0.05758432843321959,-1.3274828014608886e-07,-0.057584461181499735,-0.13693747379610793,0.035652200788170094,-0.006809003405482345,0.003601296365865696,-0.13971867599128782,0.034891120815728136,0.009973595724113058,0.0023501867154699057,0.2029703460861503,True,0.0,False,,False,-0.009756299791481475,4.415303410909431e-05,1.022323219263879,6.013604347410159
f1_no_cue_effect,f1_no_cue_effect,350,350,18,True,0,0.7542857142857143,6.009220757357899,-0.040602966281137534,0.1288728221229538,-0.0004166301274535211,0.1284561919955003,0.04695783048449919,0.20508578373118508,-0.006530750671179058,0.004951672510925574,0.04741279315845173,0.20922989283532523,0.059671340316034875,0.008581890450163214,0.18379368841241367,True,0.0,False,,False,-0.05745283266906729,0.027527687625367045,1.0404684508226594,5.995379255637116
f1_no_cue_effect,f1_no_cue_effect,350,350,19,True,0,0.7228571428571429,6.0076107150946765,-0.1186938025931155,0.030278530276702575,0.0013206870032883566,0.03159921727999093,-0.05817828996127769,0.13429053475441355,-0.009503579933547552,0.015296381465697687,-0.05543418782541281,0.13411610611737382,0.16180898896273957,0.030865034249311266,0.3029496349580739,True,0.0,False,,False,-0.15371993984332197,-0.02667182272948221,1.0666785767200737,6.022089704576395
f1_no_cue_effect,f1_no_cue_effect,350,350,20,True,0,0.7428571428571429,5.974736300166727,-0.10411477650835183,0.007759937183523746,-0.005461107436427803,0.002298829747095943,-0.08235308138436133,0.08570260137231102,-0.018076014483123033,0.004725282035775997,-0.089384973541211,0.07831129742519231,0.1463431535447328,0.025517605683572985,0.2610616730665767,True,0.0,False,,False,-0.15439844337570505,0.11176822602124231,0.9581433886037626,5.916297852392855
f1_no_cue_effect,f1_no_cue_effect,350,350,21,True,0,0.78,6.111342583285861,-0.01723621892390442,-0.029665589220009947,-0.0004426120674927425,-0.03010820128750269,-0.10048579387461049,0.051774002302891024,-0.007441219600327321,0.003598709637825855,-0.10270435859753656,0.05135963652374246,0.023284744128269936,0.005305936822008489,0.1589048103190169,True,0.0,False,,False,-0.023733507527941605,0.060777003361230715,0.9813576405439252,6.080258633636371
f1_no_cue_effect,f1_no_cue_effect,350,350,22,True,0,0.7685714285714286,6.032572803994301,0.09089514284598536,0.04679485312328202,0.008336088544417475,0.055130941667699496,-0.03811775789335069,0.13213119329657044,-0.0016769633965135666,0.023065165384170746,-0.03339983458522127,0.1394155535301798,0.11493715077439678,0.009733390804242398,0.24271736470922048,True,0.0,False,,False,0.11919948249586226,0.24553425469237133,0.9706749185449496,5.909104150206137
f1_no_cue_effect,f1_no_cue_effect,350,350,23,True,0,0.7514285714285714,6.047060137224853,0.033384428916916974,-0.07824741181373751,0.0002699782747564994,-0.07797743353898101,-0.19232581394302983,0.014644536786463642,-0.005839824406949176,0.008538124129058203,-0.19237240523178087,0.011831356487954216,0.04682556468140881,0.0033840292684296567,0.17254438389518315,True,0.0,False,,False,0.046750956778914055,0.016824909898902493,1.0026957336704443,6.039657148756209
f1_no_cue_effect,f1_no_cue_effect,350,350,24,True,0,0.7657142857142857,5.995939035696996,0.008409990860978933,0.012936206997731126,-0.00015993445369910653,0.012776272544032019,-0.07902769334067623,0.08951731726640111,-0.004602840944315759,0.004206294334495136,-0.08180953617827849,0.09134959918533118,0.012023161371997527,0.0047466114672907065,0.17644239657062102,True,0.0,False,,False,0.012026339196213116,-0.043931677457001786,0.9998080282426827,6.021168307448887
f1_no_cue_effect,f1_no_cue_effect,350,350,25,True,0,0.7828571428571428,6.055083249867156,-0.007836632153355021,0.08649463862842754,-0.0007000743683845956,0.08579456426004295,0.0054895245429101075,0.17561087074954299,-0.008741539749541234,0.005446395918026897,0.003916808354313607,0.17347823831513637,0.02258727423822001,0.0013108254160751611,0.15579399378833445,True,0.0,False,,False,-0.022785176886413006,0.12046943293623748,0.9915673861241111,5.997257921727123
f1_no_cue_effect,f1_no_cue_effect,350,350,26,True,0,0.7171428571428572,5.951332591300484,-0.028952067259303743,-0.11762769535475748,0.0013275122067947231,-0.11630018314796275,-0.2304931760122581,-0.023366208194081323,-0.005527084572306004,0.009999729845105252,-0.23111376944907908,-0.026015562337069954,0.05003065612227508,0.0029396461965014303,0.18245220031724038,True,0.0,False,,False,-0.05044177476029264,-0.07137498726259572,0.9930933077633659,5.983757228371206
f1_no_cue_effect,f1_no_cue_effect,350,350,27,True,0,0.7171428571428572,6.0461342366270685,0.06555492498335504,0.07771527338711703,0.0008459074884581419,0.07856118087557518,-0.01334062219644683,0.17690515605663995,-0.005174890366816203,0.009392913464369516,-0.012455113188577779,0.17676294239882653,0.08644638395229833,0.002824954720094541,0.2241833466805363,True,0.0,False,,False,0.08934991153898103,0.030388509750626957,0.9711393117279039,6.031460803616217
f1_no_cue_effect,f1_no_cue_effect,350,350,28,True,0,0.7457142857142857,5.988108069800484,0.013262745262761765,0.019457530644354404,0.00021141517348999272,0.019668945817844397,-0.08927162013366434,0.10726653833004027,-0.009003601595397601,0.004896082573551333,-0.08894573307288386,0.10819664691977646,0.017853434937673083,0.0022145129521434436,0.17271587093424356,True,0.0,False,,False,0.016900817350510543,0.039891643013105584,1.056533574414439,5.969415708259349
f1_no_cue_effect,f1_no_cue_effect,350,350,29,True,0,0.78,5.968494946885824,-0.006734023857769365,-0.004577054232114186,8.349308272426192e-06,-0.00456870492384176,-0.09701486651336624,0.08967596657936439,-0.00433725648410207,0.005828463093826118,-0.09967073404807453,0.09105079058324042,0.009051317734870747,0.00242047806187853,0.17623408315244657,True,0.0,False,,False,-0.008995711669380742,-0.003116766717070411,1.0062226159591972,5.970094057377946
f1_no_cue_effect,f1_no_cue_effect,350,350,30,True,0,0.7428571428571429,5.952775227351636,0.04039943704967967,-1.6011021018114135e-05,8.222695462523077e-06,-7.788325555591058e-06,-0.09320369262171603,0.08248118345475558,-0.005539945811445566,0.004034865295294529,-0.09155768878093232,0.08145757269579255,0.05376512377586786,0.0034467405854754487,0.16542112464537792,True,0.0,False,,False,0.05755747108954761,0.0004435848647499078,0.9354650361033341,5.952538255621108
f1_no_cue_effect,f1_no_cue_effect,350,350,31,True,0,0.74,6.055944647427918,0.004412253532955753,0.0029495313463410167,0.00020474634148315296,0.0031542776878241696,-0.08058575667940054,0.10805316437849036,-0.008087402103092639,0.009736524431177937,-0.08060637605341893,0.11116893344725773,0.005625611978716535,0.0016259268771825547,0.16787070439101084,True,0.0,False,,False,0.005679090049764286,0.11147165923507701,0.9905990131938569,5.999253370038942
f1_no_cue_effect,f1_no_cue_effect,350,350,32,True,0,0.7485714285714286,6.018187326007153,0.0751788816205975,-0.01958207394520406,-0.0042058128832893615,-0.02378788682849342,-0.11174038049762905,0.062436752406579275,-0.015228328264594436,0.003653207373815029,-0.11454289553192763,0.06058595107546321,0.10501861968755544,0.013556107460382433,0.23107593019063763,True,0.0,False,,False,0.10360039507967561,-0.12557253988036174,1.0193259865523598,6.0809771776999195
f1_no_cue_effect,f1_no_cue_effect,350,350,33,True,0,0.7685714285714286,6.008689479165483,0.016660695360178016,-0.01682909867353377,-0.001402355091320362,-0.018231453764854133,-0.08519371139420666,0.07322386663605363,-0.015328581305576567,0.009989952619894722,-0.08544469988429344,0.07549485675535234,0.02019696821158992,0.002705934522307186,0.17035416978248247,True,0.0,False,,False,0.01988609436411307,-0.22672946336988745,1.0158399357383021,6.116223993002134
f1_no_cue_effect,f1_no_cue_effect,350,350,34,True,0,0.7285714285714285,6.017187451492851,0.02960671878362802,0.014928970812471909,-0.0010592768670649733,0.013869693945406936,-0.0845185904340314,0.11407451954009291,-0.007548450240315561,0.004840433324177856,-0.08476738327371466,0.11435454534437733,0.04197243635366572,0.0016372850946439472,0.17458486558830202,True,0.0,False,,False,0.04044609091748192,-0.08019665242838908,1.0386530672209575,6.05705685554531
f1_no_cue_effect,f1_no_cue_effect,350,350,35,True,0,0.7457142857142857,6.045775944297415,0.10607148147760648,0.08017407039054791,0.005232104771375479,0.08540617516192339,-0.019550830917425096,0.16191362853580327,-0.002181261730848376,0.015544711585519667,-0.01168758982467912,0.16538689446132865,0.13297330730517556,0.017831043470704452,0.28364605047470653,True,0.0,False,,False,0.12919601047292678,0.14049800572214988,1.0384588564925858,5.977132580084607
f1_no_cue_effect,f1_no_cue_effect,350,350,36,True,0,0.7771428571428571,5.969564298755524,-0.08556708393584832,0.00034466279177469694,0.01096091601215754,0.011305578803932237,-0.0850629692628906,0.07366588477407812,-0.0018392363454784524,0.028168176454682392,-0.08030641131253782,0.08335468035084419,0.11665868493631634,0.01267073417378697,0.2759720124062948,True,0.0,False,,False,-0.11474731069514754,-0.3227216961384165,1.0236466389541763,6.127238193836363
f1_no_cue_effect,f1_no_cue_effect,350,350,37,True,0,0.7257142857142858,6.065772601254173,-0.03639577875950353,-0.03259024128059207,-0.001778987394684295,-0.034369228675276364,-0.1329309255028594,0.055137343946097234,-0.01119417830827304,0.0043011772455816095,-0.13025662153708775,0.05272765459109002,0.04675514837419357,0.0061461105842832015,0.1775789870532409,True,0.0,False,,False,-0.04840126570617894,0.10739379571137056,0.9670477834618927,6.012075766201645
f1_no_cue_effect,f1_no_cue_effect,350,350,38,True,0,0.7828571428571428,6.010513680178516,-0.020434210561847833,-0.011315609221915879,-0.00045566564002696985,-0.011771274861942849,-0.09067478184512896,0.08263045705607443,-0.008124514863043336,0.004125362408874656,-0.09718456561116866,0.08220758476244859,0.027177090966580924,0.004397386371904468,0.17511587675272688,True,0.0,False,,False,-0.028285667232795072,0.054010223301068604,0.9611628648446491,5.984280233623348
f1_no_cue_effect,f1_no_cue_effect,350,350,39,True,0,0.7314285714285714,6.058663349280492,0.07059468307102743,-0.035515622529655566,-0.003433402190985868,-0.038949024720641434,-0.1406294595303905,0.051975363471382006,-0.01640485558922694,0.004095950564687036,-0.14320589353719687,0.04574633373472363,0.09033649493575914,0.008588203044298741,0.23194808441560455,True,0.0,False,,False,0.08806216256022777,-0.11532518466581801,1.030037958564364,6.1206090159234
f1_no_cue_effect,f1_no_cue_effect,350,350,40,True,0,0.7628571428571429,6.013846707257931,0.042644351068341066,0.053392089898858575,-0.00027191225911826766,0.05312017763974031,-0.03980441588871777,0.1396980244083526,-0.006605889236493454,0.009060576203361346,-0.04000564887686496,0.1394604842104477,0.05959892809880737,0.004652777782448532,0.189591212198932,True,0.0,False,,False,0.06102085928724806,-0.01554846695837268,0.9784368865598948,6.021088151637679
f1_no_cue_effect,f1_no_cue_effect,350,350,41,True,0,0.7514285714285714,5.902028064424046,-0.0708458345232418,0.05902977748256022,0.0026085007063131327,0.06163827818887335,-0.02619569147358714,0.1638847282582226,-0.0054600111684364626,0.013705778499840268,-0.026413289483625008,0.1608062557556007,0.09513849819304497,0.00828703914788721,0.22611860721146476,True,0.0,False,,False,-0.09265741245088237,-0.09546334660192705,1.031455616270324,5.95166898528709
f1_no_cue_effect,f1_no_cue_effect,350,350,42,True,0,0.7714285714285715,6.019013087163964,-0.10083594678506577,-0.05562041114545824,0.003628316630023276,-0.05199209451543496,-0.1377649413173021,0.04210825721749905,-0.003799678846713816,0.015581800487211925,-0.13793596612424694,0.04622657157653398,0.1449770640445339,0.015953327785793225,0.2515987095838335,True,0.0,False,,False,-0.15798963757414006,-0.07204057300334288,0.9274348724625291,6.054621713248474
f1_no_cue_effect,f1_no_cue_effect,350,350,43,True,0,0.76,6.079733168337183,0.046203121197082433,-0.05472904786342814,0.0012720333881623969,-0.05345701447526574,-0.13038642121807578,0.04228278069692204,-0.007206164886622923,0.014057867144231451,-0.12964639818357213,0.041753170925576406,0.07012967786959438,0.005774820830134879,0.23964446117390137,True,0.0,False,,False,0.06969058498076083,0.05538115211034202,1.008784350549759,6.054416072065172
f1_no_cue_effect,f1_no_cue_effect,350,350,44,True,0,0.78,5.94684450659983,-0.008261430511781222,0.023984335200304407,-0.0003761359279068621,0.023608199272397545,-0.05452013020736446,0.11336768950703938,-0.006791154629237639,0.007625273006637685,-0.05286455292638072,0.11171665791238843,0.013716293670308362,0.0025711879603851294,0.15798838233060553,True,0.0,False,,False,-0.013380422748736239,0.09813602275867339,1.02519811064184,5.898337272493402
f1_no_cue_effect,f1_no_cue_effect,350,350,45,True,0,0.7714285714285715,5.972612890489397,0.04904515504959813,-0.005127731315736184,5.3029935597193045e-05,-0.005074701380138991,-0.08991078423460451,0.08265465970629254,-0.005718152516716611,0.007193099509482241,-0.08843443614214008,0.08460666225503892,0.0695840333394665,0.0014796254141773901,0.20921621911515456,True,0.0,False,,False,0.07107853020280441,0.0024553679437784312,0.981352711625052,5.9714623361435715
f1_no_cue_effect,f1_no_cue_effect,350,350,46,True,0,0.76,5.992236990332926,0.03850504692528949,-0.034017371024639864,0.0019414346353435752,-0.03207593638929629,-0.12914578082475736,0.05742983665597435,-0.004107694350143153,0.016534426057435075,-0.12933253392025168,0.05735251516792347,0.05490393667583867,0.0017473531751522162,0.20174532048572882,True,0.0,False,,False,0.056819203285837394,0.10638594112865918,0.9677516302573368,5.935091400321759
f1_no_cue_effect,f1_no_cue_effect,350,350,47,True,0,0.7485714285714286,5.9493377502451485,0.08770510526411314,-0.0038982601815810147,-0.006519739119478674,-0.010417999301059688,-0.08904354911121334,0.09990001517592166,-0.021481718481311755,0.003624612329887811,-0.0994470921067334,0.09143038355998868,0.11399916240242522,0.009424720866292568,0.26876315645164706,True,0.0,False,,False,0.11367118889248619,-0.18041247303492192,1.0094661481365883,6.041605867897924
f1_no_cue_effect,f1_no_cue_effect,350,350,48,True,0,0.7457142857142857,5.982535755659478,0.07416064293086568,0.038873711988929416,-0.0019328317814136797,0.036940880207515736,-0.04591053000668332,0.11602935834232522,-0.011730975899281773,0.004579850279683473,-0.045883855964519264,0.11683508120225053,0.10200401072736189,0.014757396174769937,0.2513282074911058,True,0.0,False,,False,0.09464920865050279,-0.06690578100660488,1.08335670352237,6.015031446568577
f1_no_cue_effect,f1_no_cue_effect,350,350,49,True,0,0.7628571428571429,5.958216280729706,-0.020194765851988785,0.048135446292857376,-0.00031323363524737857,0.04782221265761,-0.04025794805593845,0.12964418927734772,-0.005292297376947718,0.005571952610958735,-0.04027718340952797,0.13001057702588795,0.02925396518803011,0.004243272265686549,0.18034555460442028,True,0.0,False,,False,-0.029733984541410366,0.03616408739833811,0.9842774646763104,5.939411525056386
f1_no_cue_effect,f1_no_cue_effect,350,350,50,True,0,0.72,6.050142337839972,-0.033717822020996935,-0.006118054501521919,0.0016256868235128286,-0.00449236767800909,-0.09132665070708233,0.07587690773334867,-0.003510552920543189,0.013219685733872753,-0.09006303245226654,0.07707094188002833,0.04573429495686297,0.003192887998046856,0.20332805076827506,True,0.0,False,,False,-0.048281649679196355,-0.09959700848069694,0.9482318839003714,6.098500212791856
f1_no_cue_effect,f1_no_cue_effect,350,350,51,True,0,0.7771428571428571,5.972057293516739,-0.017683906031702133,-0.06508118681354391,0.00016806016510517718,-0.06491312664843873,-0.1668907281776748,0.0075721538279539,-0.007777053533267058,0.005062065002653026,-0.1676427550578731,0.007328074732419294,0.0231813637468819,0.0054727483603540395,0.16990098140622387,True,0.0,False,,False,-0.025067470632372853,-0.02098674666475249,0.9250073590704623,5.983452749244184
f1_no_cue_effect,f1_no_cue_effect,350,350,52,True,0,0.7657142857142857,5.937229006197666,-0.008983951412100972,-0.1628056134319047,5.845803857251752e-05,-0.16274715539333218,-0.2416876832704865,-0.060466379657982974,-0.006768546421304458,0.0074096947725203885,-0.24209657136835652,-0.07101820231775365,0.003444589959986448,0.0022778480184078007,0.17911405646113082,True,0.0,False,,False,0.003630673240085039,0.045255404361096964,0.9487525226759334,5.914723644438554
f1_no_cue_effect,f1_no_cue_effect,350,350,53,True,0,0.76,6.0121734222688845,-0.013012448567919253,0.019549258547001735,-0.00042601206902481703,0.01912324647797692,-0.07999883448466216,0.10525738222494187,-0.0073496818274080885,0.005906425733544933,-0.08209154822011129,0.10371047234243395,0.019210293210617558,0.0022120217136920284,0.17542716058006136,True,0.0,False,,False,-0.018757947349350164,0.07465833397466,1.0243039109203733,5.972495734996478
f1_no_cue_effect,f1_no_cue_effect,350,350,54,True,0,0.7657142857142857,6.065426001600933,-0.048463928589325876,-0.054842657408378126,0.008201396363120894,-0.04664126104525723,-0.14809402019208537,0.02476053003969653,-0.005902432945829917,0.022018022243856683,-0.13780507620879198,0.03139021032288567,0.08272665952649258,0.005741989215526479,0.20536213569783693,True,0.0,False,,False,-0.08207995193124598,-0.3081190309998248,1.0113456101597444,6.219486233723894
f1_no_cue_effect,f1_no_cue_effect,350,350,55,True,0,0.7885714285714286,5.970362763570042,-0.06094965286740408,0.0028587839342191224,0.0013734016947853922,0.0042321856290045146,-0.0873574780354823,0.0921832235868254,-0.004709209839826053,0.008244813106675686,-0.0869812906785917,0.09362059411819412,0.0856345055589453,0.0030458897500441626,0.23722176965611172,True,0.0,False,,False,-0.08373126901836156,-0.05712944024129778,1.0265010256387452,5.998436611769127
f1_no_cue_effect,f1_no_cue_effect,350,350,56,True,0,0.7342857142857143,6.083113759900333,0.004119422359758345,0.005522457477286746,5.0240979596383184e-05,0.0055726984568831295,-0.08958602941483985,0.09274136364935673,-0.004972465623130562,0.004695229854255426,-0.08636029599065534,0.09247382745886688,0.0054150865739823525,0.0030218875080251745,0.144735694538348,True,0.0,False,,False,0.005519649848335701,0.027886796568987574,0.9810705603170293,6.067975276610958
f1_no_cue_effect,f1_no_cue_effect,350,350,57,True,0,0.7942857142857143,5.949625385972543,0.021009643839847422,0.030735987136826903,-0.001131585610900876,0.029604401525926027,-0.051008494729355223,0.12825458484705943,-0.009362394288150725,0.004934070259041943,-0.05096332397830139,0.1276375610466358,0.033792072991499854,0.003157464755593017,0.16888378907648774,True,0.0,False,,False,0.03428700596717605,-0.12162050864436239,0.9861281914852904,6.009740910832229
f1_no_cue_effect,f1_no_cue_effect,350,350,58,True,0,0.7628571428571429,6.009601751526606,0.03596787901096354,0.0348056241146012,0.0023430545171891914,0.03714867863179039,-0.06113608744885653,0.10537702441184763,-0.006868856337219827,0.011446493687584635,-0.05464559890034949,0.10649741315499563,0.045485988847648484,0.007045143779443959,0.18438340814929863,True,0.0,False,,False,0.048209636158214435,0.1642935876369993,0.9444816495107423,5.9260467269569315
f1_no_cue_effect,f1_no_cue_effect,350,350,59,True,0,0.7428571428571429,6.105972959558627,0.09393830554442904,0.015752102774122534,0.003945022062239012,0.019697124836361546,-0.07198686915081967,0.09370002605232886,-0.005216864604964625,0.013731448999293187,-0.06936260483247683,0.09733824163864718,0.12741129421309366,0.009599021941375204,0.25046324991009383,True,0.0,False,,False,0.13419882940728306,0.093351667474122,0.9572231985032614,6.057700124543067
f1_no_cue_effect,f1_no_cue_effect,350,350,60,True,0,0.7314285714285714,6.010730341901625,-0.06609923198770311,0.0414487965879311,0.00028560615348882656,0.04173440274141993,-0.05248741892529469,0.12592617877748183,-0.009231979131434963,0.0115679168522736,-0.04121450385224229,0.12309413690834174,0.08484386525051779,0.005821290653572769,0.23397025939692176,True,0.0,False,,False,-0.0848332266810291,-0.010694248962753799,1.0037446493500972,6.015924570566034
f1_no_cue_effect,f1_no_cue_effect,350,350,61,True,0,0.7485714285714286,6.008930604972395,0.0774664638792861,0.0011022178383761627,-0.001965881151261284,-0.0008636633128851212,-0.0876244648010023,0.08443281819621519,-0.018616892296358323,0.005074295944964984,-0.0905807287487748,0.08163866936959209,0.10398526977754391,0.007513696304521133,0.24876101041775686,True,0.0,False,,False,0.10690904122698143,-0.058068593419417856,0.9779534295809209,6.037134968443437
f1_no_cue_effect,f1_no_cue_effect,350,350,62,True,0,0.7542857142857143,6.100075770611466,-0.12786619787512704,0.038096593936422174,0.0090502216621684,0.047146815598590575,-0.04840150336701801,0.11974984417309952,-0.002916688094177159,0.022960467923340135,-0.03770390447850094,0.13154829670250962,0.16977275150148186,0.03768134594450492,0.30138330801108243,True,0.0,False,,False,-0.16736566850235776,-0.18273362335394605,1.0293246395459792,6.187265813754634
f1_no_cue_effect,f1_no_cue_effect,350,350,63,True,0,0.7771428571428571,6.035888829444466,-5.278786089911707e-05,-0.003863238855240314,-1.0567921593374052e-07,-0.003863344534456248,-0.09160926250659898,0.0810655855109229,-0.006329806422815443,0.004814572413105886,-0.09157339314518585,0.08305902061444176,3.9541478004491945e-05,0.0037886138670908094,0.18213357659177548,True,0.0,False,,False,3.987450692312346e-05,-0.0088401701248777,0.9916480750881392,6.040158633870601
f1_no_cue_effect,f1_no_cue_effect,350,350,64,True,0,0.7714285714285715,6.115598030973854,0.04151754204750753,0.04370854550583292,0.002391444876150617,0.046099990381983535,-0.04386601329078327,0.11534749916334211,-0.003932499960299315,0.013117487780967234,-0.03666548487759254,0.11913873163708333,0.052439754229156296,0.0022806084258290096,0.1890166760555471,True,0.0,False,,False,0.05085635701599335,0.1649175495082631,1.0325553997490031,6.033139221263519
f1_no_cue_effect,f1_no_cue_effect,350,350,65,True,0,0.7457142857142857,6.030890407709927,0.03052483242006376,0.06914678602971414,5.6834929865301476e-05,0.06920362095957944,-0.029922209907670742,0.1620111704501143,-0.0037082424761093104,0.007319580451564795,-0.02767224610381775,0.16229157987683132,0.04469441127767584,0.002908691000108987,0.16605320515319355,True,0.0,False,,False,0.04512860188089383,0.004283636726355196,0.9913694856067388,6.028871095193778
f1_no_cue_effect,f1_no_cue_effect,350,350,66,True,0,0.7371428571428571,6.028957291791851,-0.038507790888597945,-0.008616068213352146,-0.0031512152467650933,-0.01176728346011724,-0.09671738157235181,0.08398313934842969,-0.014140029309987855,0.0044318927204610335,-0.09650088128425044,0.08040833374298809,0.05221838690595708,0.005892620493742906,0.17153886522236517,True,0.0,False,,False,-0.04720531233885731,0.20325447649592476,1.1077085129839364,5.92733005354389
f1_no_cue_effect,f1_no_cue_effect,350,350,67,True,0,0.72,5.94689776770042,-0.001241963686187141,-0.001316601651743965,-9.645445204764513e-07,-0.0013175661962644414,-0.10544311387909411,0.08620824734258459,-0.0051983038394947416,0.006248556375279249,-0.10447935693277004,0.08517164588285868,4.629237160225384e-05,0.002340357496512139,0.16203621122424908,True,0.0,False,,False,4.822223616333881e-05,-0.05934448059711084,0.959979779764957,5.97589179295632
f1_no_cue_effect,f1_no_cue_effect,350,350,68,True,0,0.7542857142857143,6.002346761496623,0.09760826084756405,0.022111777947109834,-0.007307579292493704,0.01480419865461613,-0.06493733633384784,0.10985366002885692,-0.02534991382996926,0.001989034963057175,-0.0711395124311505,0.10334049636888357,0.13320853902543536,0.01471113207988296,0.278870694668621,True,0.0,False,,False,0.1293411559150197,-0.18553300019390123,1.0391616143483426,6.098287201441277
f1_no_cue_effect,f1_no_cue_effect,350,350,69,True,0,0.7657142857142857,6.041886140264622,0.014990616735728081,-0.013183417653218732,-7.551176500342205e-05,-0.013258929418222154,-0.1008081596434688,0.07762762200614243,-0.007285583234149881,0.003973209623190869,-0.09869947847083146,0.07851408451729336,0.020556860639451027,0.001279753377580569,0.15536303043320146,True,0.0,False,,False,0.01998948361787498,-0.012124716116406498,1.02860113423389,6.04777333326289
f1_no_cue_effect,f1_no_cue_effect,350,350,70,True,0,0.7485714285714286,6.091252064169976,0.01465639729239857,0.027199857793829163,-0.0011025435344584888,0.026097314259370674,-0.0500526220973268,0.10826078210021453,-0.008828644249784945,0.008334301293035709,-0.048999220096330065,0.11184259477764519,0.02367215045135711,0.0028961527051973397,0.1552741004635321,True,0.0,False,,False,0.02209287665197254,-0.16112938882710998,1.071783733872399,6.175960062895345
f1_no_cue_effect,f1_no_cue_effect,350,350,71,True,0,0.72,5.941376769467294,-0.000971776454700949,0.07425464891278022,6.241150335317691e-06,0.07426089006311554,-0.017712491132103787,0.15554734784830443,-0.004208649282370339,0.004424797977854593,-0.016610191921421106,0.15316921723876414,0.0013077873916672968,0.004448268946622421,0.17092150998983519,True,0.0,False,,False,-0.0013500741217465147,-0.014838043899788603,0.9686790443301351,5.948408605408367
f1_no_cue_effect,f1_no_cue_effect,350,350,72,True,0,0.7371428571428571,5.946276517834512,-0.015697113258232587,-0.04940029878989982,-0.0006571203079440702,-0.05005741909784389,-0.1490643970484767,0.052421173829585846,-0.009729601903532763,0.0067672502789221396,-0.14707357511644853,0.04838799511967679,0.017690982486347432,0.0015973981953963244,0.14773465341884978,True,0.0,False,,False,-0.018236863320872196,0.10547908825019742,0.970219012229838,5.896249400640095
f1_no_cue_effect,f1_no_cue_effect,350,350,73,True,0,0.7657142857142857,6.05785459288168,-0.02385206268491341,-0.028936451705901867,0.00024023712931298125,-0.028696214576588885,-0.11482027167315008,0.06232852846734372,-0.005681781552908886,0.004769668790712321,-0.12027394018485359,0.06223359251174203,0.033555376415346276,0.0030210333908994073,0.1797394244120228,True,0.0,False,,False,-0.03473437132612856,-0.02184266635530027,0.9666011550641416,6.068901121637599
f1_no_cue_effect,f1_no_cue_effect,350,350,74,True,0,0.7371428571428571,6.030477987545908,0.049762462973811414,-0.010408336818831132,-1.5515045513003756e-05,-0.010423851864344136,-0.09470072189241178,0.08644498381853358,-0.005034894604290746,0.012068249778663503,-0.09479143628824009,0.08695272433694257,0.0679088703249442,0.003279760816442136,0.21939730285142126,True,0.0,False,,False,0.06851006119723478,-0.0006885809080190634,0.9935182888169218,6.030801066723938
f1_no_cue_effect,f1_no_cue_effect,350,350,75,True,0,0.7485714285714286,5.916450805905616,-0.025646180178452393,-0.005655887729589804,-0.0002025506387112186,-0.005858438368301022,-0.08378957989889377,0.08006663047624978,-0.005920678657228519,0.004921323009652116,-0.08357928140559719,0.07961307758146567,0.0342886377876756,0.003194281788652624,0.1775251277795119,True,0.0,False,,False,-0.036685008485975446,0.01721544030550426,0.9352270519702617,5.909121947032703
f1_no_cue_effect,f1_no_cue_effect,350,350,76,True,0,0.7571428571428571,6.055299898877404,-0.0750587941589924,0.010964789746605086,0.004158619583251477,0.015123409329856563,-0.06848428617821019,0.09933764935551478,-0.004009841496867714,0.016552115296845107,-0.06420176284839327,0.10200196172881178,0.10339991897189985,0.01086112932546908,0.2272369814214708,True,0.0,False,,False,-0.11325371922804177,-0.11949320562913603,0.9179137270563137,6.114705693134139
f1_no_cue_effect,f1_no_cue_effect,350,350,77,True,0,0.7428571428571429,5.9861560676677374,-0.015372505177200476,-0.07283912519492797,-0.0001655684991921369,-0.0730046936941201,-0.16728899829246124,0.015481326329941229,-0.00607954540419204,0.0038146142030107346,-0.1665364252118474,0.014607293919327543,0.020228412089622887,0.002302897803586913,0.17147603282542173,True,0.0,False,,False,-0.021782086304153063,0.021991391368706203,0.9288619875994111,5.975977195091366
f1_no_cue_effect,f1_no_cue_effect,350,350,78,True,0,0.7228571428571429,5.918604740895102,0.0170656107555297,0.020246914708012764,-0.001322895973836058,0.018924018734176706,-0.07252590717925489,0.11916447234387556,-0.010289514088415025,0.006324771459328881,-0.07361100826932719,0.11359876654073985,0.025182931692278105,0.0014290184793315957,0.16104648083450868,True,0.0,False,,False,0.026032844539662186,-0.1546443608663704,0.9676591703375771,5.994598501257964
f1_no_cue_effect,f1_no_cue_effect,350,350,79,True,0,0.7914285714285715,6.020136923520878,-0.04209673261195934,0.0788404536877253,-0.0004434127335921634,0.07839704095413313,-0.011489443182691263,0.1560522480412019,-0.007782225550687841,0.0040850157255147065,-0.01158454955354515,0.15576861445552603,0.0650744791360761,0.002425037136744437,0.20845505737026002,True,0.0,False,,False,-0.06368476197077433,0.027410710216314804,1.0239922601283367,6.005570088948779
f1_no_cue_effect,f1_no_cue_effect,350,350,80,True,0,0.74,6.078414521896164,-0.058762441618505884,-0.014126170514998537,-0.00027691770056348375,-0.014403088215562021,-0.09681253750085671,0.06908969365561027,-0.008816289983332923,0.006361072503527768,-0.09882091152977447,0.06903808353739709,0.08150800562481282,0.005585290645057188,0.22254909236842807,True,0.0,False,,False,-0.08117730800073517,0.010406736236279426,1.007425790210929,6.073293396056311
f1_no_cue_effect,f1_no_cue_effect,350,350,81,True,0,0.76,6.072526623471588,-0.010983518725590608,0.011752071471305192,0.00017622774276715436,0.011928299214072347,-0.07905164508065755,0.10627177079418358,-0.004198966673260666,0.0071063531113255045,-0.07936728733138036,0.10420390481856094,0.01452439675422762,0.003080789989272437,0.18365640352936605,True,0.0,False,,False,-0.014775885728665608,-0.03890800689253952,0.9830834701206961,6.091535805685411
f1_no_cue_effect,f1_no_cue_effect,350,350,82,True,0,0.74,5.886279312154667,0.07430574931154385,0.005043218473378075,-0.002802359029639545,0.00224085944373853,-0.08769364970743485,0.0854837346675587,-0.017346333607166357,0.004955860307535275,-0.09082644874716964,0.08476572967578377,0.10140051895067353,0.0034412815137764845,0.27240990717127544,True,0.0,False,,False,0.09851003799319763,-0.08860059356061235,1.0346750363469075,5.9313382289661485
f1_no_cue_effect,f1_no_cue_effect,350,350,83,True,0,0.7142857142857143,6.004782802584183,-0.06542007967645395,0.07564661307890297,0.0030589321577274564,0.07870554523663043,-0.019232998024660133,0.18566004208639839,-0.004168333189595805,0.014723360167984745,-0.01828300148495539,0.18491235834665107,0.07637068016060959,0.010556415694205594,0.22215030955442136,True,0.0,False,,False,-0.07388626805587141,-0.13167151101206923,1.0366523636224392,6.067985159795789
f1_no_cue_effect,f1_no_cue_effect,350,350,84,True,0,0.7457142857142857,6.028147661717396,-0.03768230926621856,-0.08191190347498956,0.0042784018453898565,-0.0776335016295997,-0.16887380574334787,0.010863903417596178,-0.0070528481535233984,0.020352521821610806,-0.1622527084734826,0.013257708785634257,0.06284751408359793,0.002481336331977174,0.2091448107324978,True,0.0,False,,False,-0.06171149096573256,-0.2006316180671721,1.020425853673357,6.123304372000684
f1_no_cue_effect,f1_no_cue_effect,350,350,85,True,0,0.7342857142857143,5.98204480603461,-0.0719448528428711,0.003954791564648397,0.000641862804969362,0.004596654369617759,-0.09842908404708578,0.08597549827592665,-0.008234832570439478,0.010414741015163065,-0.1038596083321202,0.08826752706613927,0.09566529482024502,0.006154993319136987,0.24410021974523372,True,0.0,False,,False,-0.09469691882573784,-0.02084079951165969,1.014880747724235,5.992225614804772
f1_no_cue_effect,f1_no_cue_effect,350,350,86,True,0,0.7428571428571429,6.021065049148359,0.08224776665512971,-0.010477062376307966,0.00045324973422400383,-0.010023812642083962,-0.09225668501892781,0.06197427257209484,-0.009142120449230991,0.012749793103298705,-0.09675039070256355,0.06423350005109338,0.11173906801841564,0.008387809350722732,0.24254151607873664,True,0.0,False,,False,0.11303868990500249,0.01238970528070246,0.9947322878328748,6.014441856965847
f1_no_cue_effect,f1_no_cue_effect,350,350,87,True,0,0.7942857142857143,6.103210890835282,0.10576695947430699,-0.005694485005187211,0.0013400622760639802,-0.004354422729123231,-0.09702310181394441,0.06891608244853903,-0.009974866094389736,0.011855791575367605,-0.09415273239352781,0.06912480649621566,0.14961250985569954,0.02838255357162921,0.31427337817297046,True,0.0,False,,False,0.1565431719724318,0.03016213728932339,0.966606268368524,6.088248573118024
f1_no_cue_effect,f1_no_cue_effect,350,350,88,True,0,0.78,5.956057367426303,-0.07162870395779805,0.03920563921584175,0.002170246306690493,0.04137588552253224,-0.029257489148513744,0.121527897002631,-0.003711783170441301,0.010203875539397654,-0.02399018791125575,0.12153317013537031,0.0964155939462117,0.006577502805772229,0.245626232100471,True,0.0,False,,False,-0.09351683162667508,-0.08303356834791391,1.0358229545313185,5.9987603247529
f1_no_cue_effect,f1_no_cue_effect,350,350,89,True,0,0.7342857142857143,6.042334519084618,0.001922813388825265,0.053353729174919984,-0.0002164221911015174,0.053137306983818466,-0.04532771765155762,0.1569337764275319,-0.006167445509683033,0.007371249569227937,-0.04224365316326408,0.15726502544595586,0.007092835197428239,0.002397855667839784,0.16173502049979946,True,0.0,False,,False,0.007303310680756487,-0.09576842346300811,0.9712052421827946,6.088303357037261
f1_no_cue_effect,f1_no_cue_effect,350,350,90,True,0,0.7285714285714285,5.913783719506761,-0.044401840066887174,-0.08800682997053655,-0.0005427561916826473,-0.0885495861622192,-0.17277154427248434,0.016144300995960863,-0.008495939469765904,0.005748653969454124,-0.17324922450730051,0.018398839757010125,0.05756518139766414,0.0021058387316209553,0.21787877557392282,True,0.0,False,,False,-0.05379897734448689,0.02856768197469588,1.0717824066234491,5.898360487267511
f1_no_cue_effect,f1_no_cue_effect,350,350,91,True,0,0.7228571428571429,6.027249313945711,0.0710697384092371,0.07287685394415289,-0.004285184466229164,0.06859166947792372,-0.03028642508574495,0.170235613062665,-0.017928511023222075,0.0017959291083485887,-0.035764088066673375,0.1695437820780092,0.10257517017859684,0.00826814890790221,0.25321883370251747,True,0.0,False,,False,0.09969210402960654,-0.13891535156595725,1.034375771729043,6.095913193315152
f1_no_cue_effect,f1_no_cue_effect,350,350,92,True,0,0.78,5.969027536754572,0.04938476558679627,0.009503769552771324,-0.0017294478888557618,0.007774321663915562,-0.07950466082757304,0.08906278202449587,-0.009704136580190833,0.0038696825238289357,-0.08217285154291976,0.08645140345567452,0.07101629639147096,0.004264076081201485,0.22290865634128693,True,0.0,False,,False,0.06974954609462214,-0.08510701332671454,1.0207386191529704,6.007447143369388
f1_no_cue_effect,f1_no_cue_effect,350,350,93,True,0,0.7742857142857142,6.0033255945763,0.006141768292811998,-0.037041933040060315,-0.0001330818488880503,-0.037175014888948366,-0.11685895359383104,0.05170212589129338,-0.00601655448496044,0.00471822146129799,-0.11875935295105594,0.05331103392592537,0.00716806762072554,0.002969640849297874,0.18361230428465763,True,0.0,False,,False,0.006815623541573229,-0.062498779479874145,1.0517382211667894,6.037967775202287
f1_no_cue_effect,f1_no_cue_effect,350,350,94,True,0,0.7542857142857143,5.977112874065058,0.015660908444636107,-0.00828743474295579,-0.000323224611544326,-0.008610659354500116,-0.1054424510246833,0.07744225022285507,-0.005784190082627069,0.005050999514486644,-0.11058520561224583,0.07727844183153863,0.02100697186333537,0.0020650444924357686,0.1710135273511751,True,0.0,False,,False,0.02000604340228103,-0.050859897780184404,1.0502630674591462,6.002106880974176
f1_no_cue_effect,f1_no_cue_effect,350,350,95,True,0,0.7885714285714286,6.174457210633817,0.054723096419968024,-0.10223427594980705,-0.0009462678481986231,-0.10318054379800567,-0.18858824670104676,-0.016759474677912844,-0.010735479141879339,0.009269530779161698,-0.1902435042989261,-0.018614592444310615,0.08067830409024394,0.0032899324546987623,0.23751149169150082,True,0.0,False,,False,0.08166152036538026,-0.03577081957447615,0.9911909500589473,6.192853585231078
f1_no_cue_effect,f1_no_cue_effect,350,350,96,True,0,0.7428571428571429,6.0879281486171255,-0.04064420827059636,0.0770728702919592,0.0027303970695233826,0.07980326736148258,-0.009993764425463503,0.17267678520999777,-0.006453049466339486,0.01244642120365919,-0.00287686822391717,0.1765198290396397,0.044137991963463595,0.0025115502487996666,0.17015499662478453,True,0.0,False,,False,-0.04293167284424758,-0.21632148244745497,1.0291014988419085,6.193616770642158
f1_no_cue_effect,f1_no_cue_effect,350,350,97,True,0,0.7342857142857143,5.990487707733116,0.09041695162287963,-0.05565565065838696,-0.0030070908533664786,-0.058662741511753436,-0.13257323115785197,0.02317607573494583,-0.01654806351308598,0.008055029372474876,-0.13681574075345534,0.02067763019597118,0.11542558001264565,0.01335723290063942,0.2583368100854425,True,0.0,False,,False,0.12457368105928962,-0.07052335333295985,0.932799446475646,6.025145044256307
f1_no_cue_effect,f1_no_cue_effect,350,350,98,True,0,0.6914285714285714,5.987226423555284,-0.030666488231863503,0.03403106081627838,-0.001136443800220266,0.032894617016058114,-0.06200793708976336,0.11714865848853066,-0.00958719254209197,0.005164235307141063,-0.06389441449948473,0.11461303909178082,0.04270142917861674,0.003202259085942806,0.1596969743198045,True,0.0,False,,False,-0.04362398939924788,0.07606592292558653,0.9797456454399989,5.950714652119668
f1_no_cue_effect,f1_no_cue_effect,350,350,99,True,0,0.7542857142857143,6.057829063407016,-0.029724214184395702,0.02568044574353967,-0.0007823595384428561,0.024898086205096814,-0.05894668701836443,0.1069033989933001,-0.008857171386295262,0.004004136799324924,-0.0593770791916651,0.10458485384150677,0.041876028272521154,0.003792504551346048,0.17269830383137255,True,0.0,False,,False,-0.043011047591869314,0.059491268206197656,0.9744657691013446,6.027233597102165
f2_direct_bypass_alpha0,f2_direct_bypass,350,350,0,True,0,0.6228571428571429,0.5394372982633372,0.5249320071178443,-0.058901876948732945,0.23184031252925574,0.1729384355805228,-0.15391704458613456,0.013411780455736669,0.1841784885009358,0.3023463808739458,0.06922091901912814,0.2630891578661523,0.6435202937948493,0.5651740642213645,0.7154563049449396,True,1.0,True,0.16,False,0.9123231286800937,0.8686871582726476,0.9215281816098398,0.07282819610545799
f2_direct_bypass_alpha0,f2_direct_bypass,350,350,1,True,0,0.5828571428571429,0.35413219757730313,0.5398550891087041,0.007524781277265857,0.19781663101808045,0.2053414122953463,-0.06842513197687511,0.0944678950426542,0.1377589106207588,0.24948795981565525,0.11775476572213074,0.30062652095096853,0.6681597017493958,0.574583179982554,0.7489024497809311,True,0.935,False,,False,0.9409581614235822,0.7368413986873148,0.9543915598404252,-0.005867457209927748
f2_direct_bypass_alpha0,f2_direct_bypass,350,350,2,True,0,0.68,0.5681083769150879,0.4549102149784479,-0.008666754918600583,0.19415261797383865,0.18548586305523806,-0.11589143073423261,0.10185129909571816,0.13374552256127886,0.25046925019996696,0.11159303571751816,0.2884455755535712,0.5561534775836818,0.43377399698113106,0.6465573411300817,True,0.89,False,,False,0.7209132167270815,0.906425876473075,0.928258735660352,0.08122819183812188
f2_direct_bypass_alpha0,f2_direct_bypass,350,350,3,True,0,0.5942857142857143,0.4451004709284241,0.5623157030164561,0.005325518575204247,0.23432304006206756,0.2396485586372718,-0.09536149319372546,0.11665474311670643,0.18561140721852024,0.29162622193653476,0.14346249928467766,0.3534320393844836,0.6636548049762283,0.5807741084432129,0.7405164878839142,True,1.0,True,0.165,False,0.9078610093135338,0.9088817452270501,0.9772341953522672,-0.009340374511977313
f2_direct_bypass_alpha0,f2_direct_bypass,350,350,4,True,0,0.6228571428571429,0.4291729659801914,0.4745176512664351,0.0011890582327739319,0.20188325980069843,0.20307231803347237,-0.09955087409240716,0.11916454561646327,0.14285442154068498,0.2641122559134945,0.10805087655108456,0.31292325866503096,0.562896047667132,0.4503946377849104,0.660557817193691,True,0.945,False,,False,0.7161601392141819,0.9150078031498385,0.9509564779247035,-0.0048021314680413785
f2_direct_bypass_alpha0,f2_direct_bypass,350,350,5,True,0,0.6142857142857143,0.6086320133661535,0.5655636448217523,0.04799606567457826,0.2493362427293534,0.29733230840393166,-0.045810103129881825,0.15720933999191872,0.18749604981005988,0.31747920372832655,0.20194827223891235,0.3983837052057774,0.6693234597757173,0.5875760213963275,0.7453353996668263,True,1.0,True,0.17,False,0.8666394085498045,1.0666163794412518,1.03950282185604,0.09360666791381984
f2_direct_bypass_alpha0,f2_direct_bypass,350,350,6,True,0,0.6485714285714286,0.5469988408057758,0.5472221247953887,-0.029036247341676646,0.258049759842081,0.22901351250040436,-0.13392407939161954,0.08391345348545401,0.20072747151189715,0.3392037238625557,0.13651413384370079,0.33742634418847184,0.6316315755933112,0.5118703529305986,0.7197829532055456,True,1.0,True,0.17,False,0.8642523589874179,1.036473436073703,0.942694579670113,-0.02158159458205726
f2_direct_bypass_alpha0,f2_direct_bypass,350,350,7,True,0,0.6657142857142857,0.5131596981333832,0.46042847051595,0.03213022440070623,0.18338107562227823,0.21551130002298446,-0.07281855612815817,0.15931181154253243,0.1219943334329274,0.24734968924380632,0.131872300230046,0.30927631678911327,0.5454640118866566,0.424089731706153,0.666584640844769,True,0.81,False,,False,0.6678708666185695,0.9388962640010684,0.9744510268506754,0.07051044795904451
f2_direct_bypass_alpha0,f2_direct_bypass,350,350,8,True,0,0.6228571428571429,0.4772113815330949,0.5330997284645719,-0.032066071670591,0.25879274223312426,0.22672667056253326,-0.13517204883725883,0.0581470484355783,0.19976216259495444,0.3186649045307027,0.12220363353807438,0.3147687189913724,0.6381496274966133,0.5334751878719082,0.7214548266680488,True,1.0,True,0.18,False,0.7884686430371103,1.1323953884608835,1.0512277045906249,-0.10192753336792923
f2_direct_bypass_alpha0,f2_direct_bypass,350,350,9,True,0,0.6285714285714286,0.5770266543904139,0.5779073677510794,0.058320812782747034,0.2789944923678379,0.33731530515058494,-0.026891351588022628,0.1402779812152717,0.21925902076649104,0.3372819359356405,0.24313318073194914,0.414966336409862,0.6536758287507761,0.5492863975606697,0.7362018551753086,True,1.0,True,0.23,False,0.8735308058286194,1.1698236340974508,0.9888208374459552,-0.04800250955236059
f2_direct_bypass_alpha0,f2_direct_bypass,350,350,10,True,0,0.6114285714285714,0.5277093848704462,0.5486152650754215,0.015912197545222606,0.2408448713542254,0.256757068899448,-0.06595632908007865,0.1268302142904032,0.18680569506006037,0.29854962037817756,0.16155451110639601,0.35297601425113395,0.673881290654106,0.5866534112500302,0.7549030656326697,True,1.0,True,0.165,False,0.8787887655800204,1.0053781385211837,1.0378837627967354,0.06523537197924942
f2_direct_bypass_alpha0,f2_direct_bypass,350,350,11,True,0,0.64,0.4676219773797243,0.5463803773605136,0.023585172132475407,0.24630882108738106,0.26989399321985647,-0.08071578320864758,0.10787387108886153,0.18692486736773375,0.3011053599790041,0.16503266422192234,0.3415697332427567,0.6673867924428193,0.5707629886954697,0.7534091257541912,True,1.0,True,0.16,False,0.8632162596881771,1.0547797453655063,1.038173817324843,-0.07182425379875973
f2_direct_bypass_alpha0,f2_direct_bypass,350,350,12,True,0,0.6142857142857143,0.5193535520210784,0.5261009770582666,-0.03827338108298395,0.21029070485230816,0.17201732376932422,-0.14231344576984253,0.05557803260435309,0.15430321579391915,0.26843153637898426,0.06806562321500571,0.26289906019794695,0.6352649568891743,0.5572012054874452,0.729536698508815,True,0.975,True,0.045,False,0.8505936338806261,0.8373492275580732,0.9670522955912964,0.09589408551313851
f2_direct_bypass_alpha0,f2_direct_bypass,350,350,13,True,0,0.5885714285714285,0.46803524244509154,0.5289148324788925,-0.013865761061184534,0.23716641188601872,0.2233006508248342,-0.11393028847842722,0.10464909247977579,0.1827644534764901,0.2950708589066019,0.13012193620120685,0.3438493533586091,0.6148144807060184,0.5166255989990216,0.7029164106083514,True,1.0,True,0.125,False,0.7958714797373873,0.983331669278869,0.9795009293705594,-0.015202060999103756
f2_direct_bypass_alpha0,f2_direct_bypass,350,350,14,True,0,0.6342857142857142,0.5177377001251781,0.46992725483568387,-0.11138480739494144,0.2656344992027008,0.15424969180775938,-0.21820227351058483,-0.001893826805547735,0.20462528196182525,0.32248814438175305,0.04370998656816122,0.24110066683109233,0.5891292648522753,0.486932442265583,0.6791942644107277,True,1.0,True,0.195,False,0.7381233013706228,1.1621938767423017,0.9877555165938223,-0.07996273989715805
f2_direct_bypass_alpha0,f2_direct_bypass,350,350,15,True,0,0.6228571428571429,0.45539643721791856,0.4981335929461369,0.0215640446300428,0.21188098082057938,0.23344502545062218,-0.08446808092230111,0.12492444906233184,0.16108164136742364,0.26499797403033754,0.13576575921641792,0.3220447412325729,0.5867951754185478,0.48512338688130635,0.6790629494817698,True,0.995,True,0.05,False,0.7488327226986276,0.95756368337232,0.9677397784314102,0.028596488134191706
f2_direct_bypass_alpha0,f2_direct_bypass,350,350,16,True,0,0.5971428571428572,0.5239663829684491,0.5914783048219874,0.04403223833566128,0.25391604595092315,0.29794828428658443,-0.05420716748872519,0.13165902018958633,0.19847952867470367,0.3194367064882102,0.19614656752976395,0.3948033238075556,0.7011663977626597,0.6282477179783673,0.7679952552596362,True,1.0,True,0.225,False,0.9659118432766061,0.9953154339455368,1.0181118472304143,0.020620937761284656
f2_direct_bypass_alpha0,f2_direct_bypass,350,350,17,True,0,0.6628571428571428,0.5336275941162093,0.529674659013048,0.005920709951788172,0.22204434660904437,0.22796505656083255,-0.10466272853447783,0.08826451422404887,0.16641127036089992,0.28293703629035727,0.12631401302949716,0.3058876830968127,0.6375589552376328,0.5440784990079642,0.7281597844983358,True,0.99,True,0.105,False,0.8094966855623619,1.0000458543160633,1.0223229642683564,0.013606452169702328
f2_direct_bypass_alpha0,f2_direct_bypass,350,350,18,True,0,0.62,0.5120779002150426,0.524614759266387,0.1397945666791482,0.20263650588076287,0.34243107255991106,0.044733603272346524,0.23744131986208916,0.14631496429337199,0.27155820128053815,0.2628798780356331,0.42148456507486015,0.5901794049398099,0.4767990610296536,0.6788552956981526,True,0.965,True,0.02,False,0.7026438276911084,1.0275255837218207,1.040468322741414,-0.004623904810437254
f2_direct_bypass_alpha0,f2_direct_bypass,350,350,19,True,0,0.58,0.5504678579518187,0.500988198286134,0.008344437101303559,0.20660211662040268,0.21494655372170623,-0.0832580989861654,0.11040088780582635,0.14806143288567128,0.2619975882600839,0.11861425138015896,0.3151903365033968,0.584619926906708,0.4847460436719584,0.6669740581468342,True,0.965,True,0.04,False,0.6755455785204678,0.9733281772705172,1.0666785767200737,0.022089704576394996
f2_direct_bypass_alpha0,f2_direct_bypass,350,350,20,True,0,0.5885714285714285,0.49759344302387043,0.5244465511953909,0.03671407722722986,0.2531616662244621,0.289875743451692,-0.07047699667706281,0.13663591747377254,0.19587566339715917,0.3202453641058374,0.2019844414312175,0.36767997543418096,0.5768616080485338,0.48186530400465166,0.6760425568150459,True,1.0,True,0.145,False,0.7370605468092349,1.111766713138307,0.9581432973317423,-0.08370422919635437
f2_direct_bypass_alpha0,f2_direct_bypass,350,350,21,True,0,0.6571428571428571,0.6227711547144327,0.5450631361797907,0.05311877530271025,0.23658989632373362,0.28970867162644387,-0.0422857665300352,0.1629910845920065,0.17217675475746538,0.29796048924387536,0.19601625877039264,0.39774979506640656,0.6250372093395637,0.5232437836624647,0.6931926925359532,True,1.0,True,0.1,False,0.8159311234241426,1.060787272567596,0.9813561118249537,0.08027388240215344
f2_direct_bypass_alpha0,f2_direct_bypass,350,350,22,True,0,0.6142857142857143,0.5354299468514437,0.5757838702361577,0.012364805004072998,0.30727162660066626,0.31963643160473926,-0.08376769325116173,0.11417147829485566,0.25250036105877915,0.3709889132029171,0.2276112936472268,0.41671092424018197,0.652941017908549,0.5657334967176655,0.7299810499356997,True,1.0,True,0.275,False,0.8881162596753716,1.2455342546923713,0.9706749185449495,-0.09089584979386289
f2_direct_bypass_alpha0,f2_direct_bypass,350,350,23,True,0,0.6457142857142857,0.4870601372248537,0.49052491343950566,-0.09157384546203007,0.24083436134484693,0.14926051588281686,-0.19382340813440344,-0.007400984281477359,0.17996539615336865,0.30313096574745435,0.06718332518798877,0.23199688651755207,0.6297740710510197,0.5300967024178918,0.7142796059812645,True,1.0,True,0.155,False,0.8085716757017523,1.0168225880690536,1.0026956578870363,0.03965204171445096
f2_direct_bypass_alpha0,f2_direct_bypass,350,350,24,True,0,0.6342857142857142,0.570224749982711,0.5132558564610493,-0.016454204554107954,0.21975370107532932,0.20329949652122137,-0.11089479946951926,0.08483554632170609,0.1626495198546614,0.28312649273034357,0.11604444261777203,0.29247628315232416,0.6098028663286587,0.5155447290410062,0.7002330364452706,True,0.985,True,0.08,False,0.7695634831333823,0.956068650263907,0.9998080385300171,0.02116800626644806
f2_direct_bypass_alpha0,f2_direct_bypass,350,350,25,True,0,0.62,0.535083249867156,0.5623284441486738,0.08505078636696528,0.2513391797446487,0.336389966111614,-0.011189259399799882,0.20393985699258452,0.1886822991727985,0.3225836469383236,0.2546172694833391,0.4207391972461722,0.6277597352323385,0.5393213497293804,0.7012015795301443,True,1.0,True,0.155,False,0.8133256435163772,1.1204736828868194,0.991567231256287,-0.0027348460932488687
f2_direct_bypass_alpha0,f2_direct_bypass,350,350,26,True,0,0.54,0.405618305586199,0.5114888038906135,-0.08419296926835568,0.23559945057843257,0.1514064813100769,-0.188187324556467,0.0049475027871389255,0.17216437328558626,0.28106881296907177,0.04822751020797597,0.24650947445324403,0.6410314593878704,0.5473161735802994,0.7145416900851804,True,0.995,True,0.135,False,0.8410132132612339,0.928625861961989,0.9930928986206689,-0.01624137142473593
f2_direct_bypass_alpha0,f2_direct_bypass,350,350,27,True,0,0.5857142857142857,0.5289913794842115,0.5287886439413165,0.006065234520878315,0.250280020467679,0.2563452549885573,-0.0719914072370175,0.09295566364367613,0.19384798313120835,0.30408303439515294,0.16212705513467945,0.3450854527541958,0.6176919192069115,0.5164411103851497,0.7119507632393154,True,1.0,True,0.165,False,0.8087639050761495,1.0303874731825386,0.9711705680449977,0.031459012220843297
f2_direct_bypass_alpha0,f2_direct_bypass,350,350,28,True,0,0.5714285714285714,0.4566794983719122,0.60060816337185,0.023691693458441188,0.2578956533978294,0.28158734685627057,-0.09385880821923792,0.1233640397924034,0.19628448132766296,0.31353773802197693,0.16762733741199703,0.38600208202344516,0.6905723398268393,0.6189592227369379,0.766001605066718,True,1.0,True,0.215,False,0.9037111695265782,1.0398928940958172,1.0565330401317188,-0.030582835103741747
f2_direct_bypass_alpha0,f2_direct_bypass,350,350,29,True,0,0.62,0.4827806611715388,0.5028112409286692,0.0006073354635934836,0.22460031570993932,0.2252076511735328,-0.1010267262490955,0.0868477687693741,0.16183483104259486,0.29472950734679376,0.11608111880710807,0.32338404232212825,0.6060229997813434,0.5118571513600997,0.695033116517651,True,0.98,True,0.11,False,0.7571519995141816,0.9968851736036983,1.0062241082469936,-0.029904307577082328
f2_direct_bypass_alpha0,f2_direct_bypass,350,350,30,True,0,0.6485714285714286,0.4870609416373499,0.5347904641700876,-0.06909799971639907,0.25928852186836593,0.19019052215196686,-0.17048691909303898,0.03910478366659428,0.20206722355202186,0.33396365560290964,0.08223964249891484,0.2890013985553209,0.6439353100588335,0.5655363512990541,0.7276647726049613,True,1.0,True,0.215,False,0.8997203093992248,1.0004445127987358,0.9354657694671868,-0.0474602029530227
f2_direct_bypass_alpha0,f2_direct_bypass,350,350,31,True,0,0.6114285714285714,0.5645160759993462,0.533088824394996,0.00992576574130899,0.2538430634810779,0.26376882922238687,-0.10652303482915068,0.1327016796863702,0.19275976346133541,0.34139499254419764,0.16518898514829414,0.3799651250168877,0.6055495420459363,0.5195280809921241,0.7108308848680068,True,1.0,True,0.165,False,0.7681463741799971,1.1114797998222485,0.9905983660079419,-0.0007337550473260817
f2_direct_bypass_alpha0,f2_direct_bypass,350,350,32,True,0,0.6257142857142857,0.5181873260071529,0.4887881845303218,-0.04972323780613597,0.20288167689332404,0.15315843908718807,-0.1476016445421703,0.044261456042177495,0.15081136754606878,0.25800557623233017,0.04401265319244765,0.25183009020838926,0.6206975800985226,0.5254507138897846,0.7085287307588277,True,0.98,True,0.05,False,0.7766467310507658,0.874424132201634,1.0193251388821052,0.08097210595973967
f2_direct_bypass_alpha0,f2_direct_bypass,350,350,33,True,0,0.6142857142857143,0.482975193451197,0.5507143147917486,-0.018555006914927286,0.1974710468801929,0.17891603996526562,-0.09373300640231844,0.06879186474187175,0.13864903625734773,0.246188299595135,0.07745972652942643,0.27603738656326204,0.6874197446976731,0.5985696695239959,0.765501625258424,True,0.945,False,,False,0.9317615693493582,0.7732713902949924,1.0158389812761273,0.11622575746718014
f2_direct_bypass_alpha0,f2_direct_bypass,350,350,34,True,0,0.6,0.5143303086357082,0.4841134843739303,-0.03821389158901306,0.2054486545581537,0.16723476296914064,-0.15324335814354284,0.0579582651205848,0.14576110975427592,0.2713181474259881,0.0698510474232093,0.2543148045018645,0.6013427478762576,0.4865528315319064,0.7006601483038244,True,0.96,True,0.01,False,0.72461909422279,0.919800278918087,1.0386526198115362,0.05705158494763862
f2_direct_bypass_alpha0,f2_direct_bypass,350,350,35,True,0,0.6285714285714286,0.534347372868844,0.5922869749415787,0.02312599328553938,0.26984808100027846,0.29297407428581784,-0.09530048067021991,0.12105461085091161,0.2000965200124979,0.35012288578446216,0.17916608941648085,0.37632612634719864,0.6808940809520446,0.5982070926460844,0.7550632939455619,True,1.0,True,0.205,False,0.8952668743519886,1.1404958438713697,1.0384592028825372,-0.022871436508080985
f2_direct_bypass_alpha0,f2_direct_bypass,350,350,36,True,0,0.6028571428571429,0.4581357273269535,0.4632157271001267,0.06081134058402393,0.13694622122682354,0.19775756181084747,-0.03132716303400877,0.1740681537354045,0.09205082763421785,0.19737753675859404,0.11591157953672504,0.30665088572697574,0.553089577914969,0.4654855311056984,0.6481806609173454,True,0.305,False,,False,0.648543832454491,0.6772781506752781,1.0236409409154426,0.12723667092983074
f2_direct_bypass_alpha0,f2_direct_bypass,350,350,37,True,0,0.5914285714285714,0.5657726012541715,0.551573584245201,-0.10248624374580417,0.2978646847323063,0.19537844098650214,-0.1966209100428405,-0.012442914552614164,0.23488434676035744,0.36250333454597033,0.07716848860496152,0.28157984763994703,0.671241655167564,0.5868866814183613,0.7552796433571523,True,1.0,True,0.285,False,0.936424969714281,1.107394504306583,0.9670476980672397,0.012076616587720223
f2_direct_bypass_alpha0,f2_direct_bypass,350,350,38,True,0,0.6228571428571429,0.4962279658928008,0.5391633175154146,-0.1137037865479335,0.2905444320119693,0.17684064546403577,-0.19712223704715695,-0.02012907808399136,0.22932660422338316,0.35915807907381614,0.08545104081758698,0.27412360970071903,0.6902272819339256,0.5912569005554543,0.7781546405450109,True,1.0,True,0.295,False,0.9924205265568641,1.054049010300529,0.9611745122610494,-0.01565875087004849
f2_direct_bypass_alpha0,f2_direct_bypass,350,350,39,True,0,0.6314285714285715,0.5958062064233487,0.5066028165399239,-0.1019569984875916,0.21848302624886667,0.11652602776127508,-0.2016463941608025,-0.011920141710005898,0.16799480035938633,0.27367629742333216,0.014183703802897336,0.21405778082329807,0.6589083528292939,0.5829933027052807,0.7282545659798945,True,1.0,True,0.105,False,0.8504036825918241,0.8846746494322061,1.0300377505445706,0.12060953758547799
f2_direct_bypass_alpha0,f2_direct_bypass,350,350,40,True,0,0.62,0.47956099297221727,0.5595971719096037,-0.05718171382835635,0.26128960819279046,0.2041078943644341,-0.15375325030720335,0.040180466034060815,0.207720918467682,0.33443946803804103,0.0992246813409762,0.30045636360990546,0.6868607795328368,0.6149356000568097,0.7637290063866696,True,1.0,True,0.24,False,0.9658899736093886,0.9844511041766566,0.9784366388848873,0.021087960313264025
f2_direct_bypass_alpha0,f2_direct_bypass,350,350,41,True,0,0.5914285714285714,0.4220280644240448,0.5535263307983793,0.03159755509860279,0.21683026728031174,0.24842782237891453,-0.06183681922041211,0.13459288880548448,0.15778120162781176,0.2794506971038422,0.1540234687236079,0.36174093981632754,0.649065928978585,0.565737583236046,0.7202414164607718,True,0.995,True,0.06,False,0.8271922739668977,0.9045366673965984,1.0314556673823105,-0.048331002622186425
f2_direct_bypass_alpha0,f2_direct_bypass,350,350,42,True,0,0.6542857142857142,0.5132988014496779,0.47478149938166564,0.06016947394262828,0.19218463022607912,0.2523541041687074,-0.07434674014971773,0.1625270326131312,0.14081893341902077,0.23904438799429947,0.14867101568203647,0.33914624423366985,0.5535596622034374,0.44178956224286337,0.6636759745443807,True,0.915,False,,False,0.7166962308296139,0.9279598107701278,0.9274353234283496,0.05462208092795832
f2_direct_bypass_alpha0,f2_direct_bypass,350,350,43,True,0,0.6228571428571429,0.5368760254800412,0.517402071637931,-0.03255094070290543,0.2538707524052206,0.22131981170231518,-0.14259121712463593,0.06034218782381843,0.18214336065108577,0.3284666994983449,0.1264818784761316,0.31349855671394655,0.6508379894548678,0.5572310435421394,0.7663925645331015,True,1.0,True,0.17,False,0.8497846983680954,1.0553777779620561,1.0087841920636602,0.05441007970211959
f2_direct_bypass_alpha0,f2_direct_bypass,350,350,44,True,0,0.6085714285714285,0.44113022088554527,0.5436394601967223,0.009079036880287716,0.2502373096167792,0.2593163464970669,-0.08573902598427958,0.11327717158485898,0.18634227085579635,0.31209867183076434,0.16186581131815847,0.3600321790097414,0.6239281565347967,0.5134141622447463,0.7281855622060558,True,1.0,True,0.145,False,0.7787679786887021,1.098136012441451,1.0251978423185781,-0.1016628134413612
f2_direct_bypass_alpha0,f2_direct_bypass,350,350,45,True,0,0.6228571428571429,0.441184319060825,0.5488426053746014,-0.045580232178671964,0.2631725502635464,0.21759231808487445,-0.1449708190879048,0.04946241989103998,0.20500304159670799,0.3360147954315116,0.1286329852793944,0.30987927084447175,0.6845849121302686,0.5990297341441679,0.7552598951532294,True,1.0,True,0.235,False,0.9570045483259502,1.0024514393661372,0.9813538625339433,-0.028543014344594917
f2_direct_bypass_alpha0,f2_direct_bypass,350,350,46,True,0,0.6228571428571429,0.5293798474757815,0.5746147743304039,-0.023352566246940376,0.2865806706755035,0.26322810442856315,-0.1294622618646732,0.07681050543454047,0.22292573176790406,0.3626885864962321,0.14727371024855201,0.34864738146420904,0.6667454679413147,0.5890072903063754,0.7434193532341733,True,1.0,True,0.24,False,0.9244283354906168,1.1063852350795165,0.967752161048374,-0.06490550853236578
f2_direct_bypass_alpha0,f2_direct_bypass,350,350,47,True,0,0.6314285714285715,0.46076632167372006,0.48450036792413725,-0.03872336856883851,0.18452051430615357,0.14579714573731506,-0.13204789239715445,0.07257504844347472,0.13509296550417163,0.2533078312133527,0.03162220446083049,0.26708111953076547,0.5984022983150608,0.4972675770868731,0.6871132204376531,True,0.89,False,,False,0.7398812213384591,0.8195887046708652,1.0094680805182494,0.04160719243773198
f2_direct_bypass_alpha0,f2_direct_bypass,350,350,48,True,0,0.62,0.46825004137376336,0.558065779125017,0.06594913985314205,0.20586902833930798,0.27181816819245,-0.026201647224316883,0.1554189660153421,0.15780519225607514,0.27044260310153395,0.1923201561447271,0.3684084707218759,0.6573202308488079,0.5596872377633328,0.7550697057648367,True,0.99,True,0.07,False,0.8051275478082224,0.9330948541699146,1.0833402121593565,0.015032038568359161
f2_direct_bypass_alpha0,f2_direct_bypass,350,350,49,True,0,0.6314285714285715,0.47821628072970684,0.496278616705107,-0.05256944373586331,0.24018902134034487,0.18761957760448156,-0.1619371158777092,0.05473780242275026,0.18882211569328664,0.3059843667330272,0.08870034754176233,0.29033579627371925,0.5994843475619756,0.5026253651433471,0.687778379020204,True,1.0,True,0.14,False,0.7609579044190586,1.0361646254517547,0.9842773056101703,-0.060589030062843496
f2_direct_bypass_alpha0,f2_direct_bypass,350,350,50,True,0,0.5942857142857143,0.5358566235542571,0.5707702462060135,-0.03877539862559004,0.25221128895530287,0.21343589032971283,-0.11235601145981211,0.06706789539856751,0.18258953731826622,0.3172597765562607,0.1288176199088159,0.31416332330850905,0.6942977301350044,0.618768421895693,0.7573644399181936,True,1.0,True,0.19,False,1.0173794245090528,0.9004139152209691,0.9482407153004456,0.098518231529583
f2_direct_bypass_alpha0,f2_direct_bypass,350,350,51,True,0,0.6542857142857142,0.5149144363738823,0.5249108246111818,-0.08042224697045042,0.2628462607009999,0.1824240137305495,-0.17190189263762512,0.003823917778558482,0.20562621420060556,0.32759655449457953,0.07771989979279315,0.2557598486744405,0.6605116919234142,0.5729932796414849,0.7405753907879156,True,1.0,True,0.205,False,0.9510467098491466,0.9790116617716061,0.9250075601560894,-0.0165485993363331
f2_direct_bypass_alpha0,f2_direct_bypass,350,350,52,True,0,0.6457142857142857,0.4343718633405237,0.4925188089070673,-0.12873167416626685,0.26705823899269043,0.13832656482642358,-0.20934432642892406,-0.02057623284073576,0.20425196148834507,0.3310314933708852,0.05050602357864456,0.2509453932471939,0.6343290805641145,0.5497885850644612,0.7190581420523351,True,1.0,True,0.205,False,0.8648626722702876,1.045258558658153,0.9487515591029293,-0.08527067899903144
f2_direct_bypass_alpha0,f2_direct_bypass,350,350,53,True,0,0.6485714285714286,0.5436019936974557,0.5143412354471617,-0.01965125263707357,0.24213978919491497,0.2224885365578414,-0.12355969913466079,0.07518695510457947,0.18733048084859183,0.3013666193683068,0.11087561164415818,0.30115942836802734,0.6229889987163217,0.5551981254049659,0.7130200341286386,True,1.0,True,0.155,False,0.7775229895232302,1.0746534658708697,1.024312184960892,-0.02751034889926384
f2_direct_bypass_alpha0,f2_direct_bypass,350,350,54,True,0,0.6571428571428571,0.5654260016009335,0.4816998231209399,0.008610494501727683,0.1453317105117442,0.1539422050134719,-0.09262774272797396,0.1015674647595381,0.09414763417149556,0.2006899178125428,0.04933165610171551,0.25050508001771193,0.5865166203592167,0.4943890539884717,0.6605631501871744,True,0.45,False,,False,0.7160267275548792,0.6918807955816675,1.011345969185012,0.21948575894171235
f2_direct_bypass_alpha0,f2_direct_bypass,350,350,55,True,0,0.6371428571428571,0.46179133499861375,0.5368692609404944,0.026789143012513228,0.21996418874238532,0.24675333175489855,-0.059601769751810856,0.1156333986610654,0.16856060017509208,0.27968985390499296,0.17361866823253855,0.3304446899959967,0.6642443943568161,0.5893842773490982,0.7508175154348169,True,1.0,True,0.105,False,0.8656622614656576,0.9428704999643732,1.0265006427849366,-0.0015635954615337482
f2_direct_bypass_alpha0,f2_direct_bypass,350,350,56,True,0,0.6285714285714286,0.6259709027574755,0.5072967123803568,0.01681092909136883,0.23096044446693154,0.24777137355830037,-0.10530378874385606,0.14290543576806639,0.16987711975107186,0.29271740182083944,0.14498375058049517,0.3514462246722481,0.5950080456489191,0.4966808424377846,0.6857855457799125,True,1.0,True,0.085,False,0.7546023631337756,1.0278915224641432,0.9810701013157291,0.06798310567339198
f2_direct_bypass_alpha0,f2_direct_bypass,350,350,57,True,0,0.6371428571428571,0.4439111002582572,0.4983851113759151,-0.021014009501374553,0.20330342565155002,0.18228941615017547,-0.12029986324105178,0.08062493057351551,0.1427593158915067,0.2776435801293321,0.08782236272129958,0.27760225477252964,0.6145876179370601,0.4796111291493155,0.7269566926153952,True,0.96,True,0.02,False,0.7900541253608716,0.8783793014928789,0.9861280693884571,0.009740775998768733
f2_direct_bypass_alpha0,f2_direct_bypass,350,350,58,True,0,0.6314285714285715,0.5181731800980345,0.5069905516782252,0.054518156342623414,0.250554244508984,0.3050724008516074,-0.06309347692410477,0.16622790040687288,0.19183148979109987,0.31698655181506996,0.19999938994809474,0.38665256843556445,0.5694407243595381,0.4853899623386853,0.6555959000417164,True,1.0,True,0.125,False,0.7334419896801334,1.1642936057547664,0.9444822916486018,-0.07395341089102755
f2_direct_bypass_alpha0,f2_direct_bypass,350,350,59,True,0,0.6485714285714286,0.6231158167014829,0.5375806518078687,-0.02176310748062993,0.26670902935793217,0.24494592187730224,-0.12405641621735707,0.0890356685614368,0.1992134542010533,0.3359925557619799,0.15397865916985232,0.33972839842632396,0.6388919914492519,0.5509707049615327,0.7407326330864824,True,1.0,True,0.2,False,0.867597192017391,1.093350112924154,0.9572284103287123,0.057697165159563024
f2_direct_bypass_alpha0,f2_direct_bypass,350,350,60,True,0,0.6171428571428571,0.49644462761591,0.5394407428002891,0.019996773200420037,0.23664873545356557,0.2566455086539856,-0.06511190520894368,0.10498005555211978,0.1786120484897098,0.31056780082243834,0.15601010920132982,0.3445593185704713,0.6492552842810402,0.5617241919419798,0.7357180679589417,True,1.0,True,0.15,False,0.8504577858328652,0.9893071431802858,1.0037445983487259,0.015927998792962385
f2_direct_bypass_alpha0,f2_direct_bypass,350,350,61,True,0,0.5828571428571429,0.49464489068668044,0.5456177831385227,0.032400132548154825,0.23127121240097054,0.26367134494912536,-0.06266775432049887,0.13077856804790913,0.17545448089789714,0.2860728431735282,0.15272980748168083,0.35988518379609385,0.6360245602824628,0.5491221349082626,0.7150397790575234,True,0.995,True,0.135,False,0.8427879302343906,0.9419316988762756,0.9779679668900145,0.03713559074911518
f2_direct_bypass_alpha0,f2_direct_bypass,350,350,62,True,0,0.6371428571428571,0.5772186277543233,0.47807712968801946,0.0520443331796695,0.1654789413648584,0.2175232745445279,-0.04817000469311964,0.14317419732980738,0.11597243901910999,0.22817521363033225,0.12853577195202248,0.3036341900738869,0.5833850400368916,0.46619744682354597,0.6893330845865596,True,0.69,False,,False,0.697818842167306,0.8172658330225818,1.029323521745915,0.18726480809726365
f2_direct_bypass_alpha0,f2_direct_bypass,350,350,63,True,0,0.6742857142857143,0.5187459723016087,0.457337795273877,0.011042717341642971,0.18971945781666266,0.20076217515830563,-0.08942284064122638,0.09820408254200483,0.1335997770175504,0.24402702341787658,0.1112117769871627,0.28953839620631294,0.5418107290010342,0.45038636655609515,0.6403982740112661,True,0.93,False,,False,0.6500588895082517,0.9911584984538382,0.9916465599490635,0.040158011619612466
f2_direct_bypass_alpha0,f2_direct_bypass,350,350,64,True,0,0.66,0.6155980309738548,0.5353444998031137,0.002836113265086815,0.2624626527885323,0.26529876605361913,-0.09756625572573538,0.1005587826499903,0.20703668099372588,0.3228064534808967,0.16751010299394822,0.3637323137520515,0.6577520606986312,0.5665653199191593,0.7374065458368169,True,1.0,True,0.21,False,0.8457047347169878,1.1649181058111584,1.0325551239911273,0.033138978068275496
f2_direct_bypass_alpha0,f2_direct_bypass,350,350,65,True,0,0.6171428571428571,0.5023189791384993,0.5006367928034219,0.07284526672888098,0.20696379200054593,0.2798090587294269,-0.0338101276275028,0.17157242581008236,0.15183308024471412,0.2615968359359313,0.17032591092692043,0.367551733844575,0.5719685622435107,0.4566239229132321,0.661829900010261,True,0.98,True,0.03,False,0.7033583486670767,1.0042854993452768,0.9913699483835662,0.02887446907728381
f2_direct_bypass_alpha0,f2_direct_bypass,350,350,66,True,0,0.6228571428571429,0.5289572917918514,0.5710622480281632,-0.022649983860283773,0.28628895331498144,0.26363896945469767,-0.10760516445765794,0.08038440804787846,0.22973919536287074,0.35822668597193924,0.17633986450062258,0.3594533198627426,0.7071564849635678,0.6319204380515056,0.7750424253472101,True,1.0,True,0.29,False,0.9028914977296986,1.203254476495924,1.1077085129839364,-0.07266994645611077
f2_direct_bypass_alpha0,f2_direct_bypass,350,350,67,True,0,0.5857142857142857,0.4354691962718472,0.502936682281279,-0.0061486708056975314,0.2264991567551874,0.22035048594948986,-0.11093803610636213,0.09724931775582324,0.17253747233912375,0.29513057197743475,0.1233609487801005,0.3204748013916058,0.6013425553810645,0.5117245445729313,0.679569999529432,True,1.0,True,0.11,False,0.7840033819730479,0.9406549052377058,0.9599794599009179,-0.024109052891848167
f2_direct_bypass_alpha0,f2_direct_bypass,350,350,68,True,0,0.6257142857142857,0.5194896186394802,0.6381117697228714,-0.0025435422880112357,0.22249673928872649,0.21995319700071525,-0.10050551878292428,0.08034798270258721,0.15387080275439846,0.30576138021972443,0.11192746785622083,0.32922145416100734,0.7581348830624665,0.6887414640975029,0.8334130255389581,True,0.985,True,0.09,False,1.1187796389068334,0.8144702404450999,1.0391762489695289,0.09829219620970771
f2_direct_bypass_alpha0,f2_direct_bypass,350,350,69,True,0,0.6342857142857142,0.5276004259789082,0.5282822654350007,0.012031262151663724,0.23178860328604067,0.2438198654377044,-0.0811264921621191,0.10042255044837865,0.18121285727905875,0.29572826572432787,0.13587150264801584,0.33220721575927187,0.6622749026130885,0.5719102143030623,0.7363109896894916,True,1.0,True,0.155,False,0.8593284033631856,0.9878789081311251,1.0285988607609589,0.04777369835183203
f2_direct_bypass_alpha0,f2_direct_bypass,350,350,70,True,0,0.6542857142857142,0.6169663498842616,0.5785011350208435,0.03588912990447968,0.20190829930907672,0.2377974292135564,-0.044264138196860814,0.12911688198410565,0.14209585059185373,0.2707513005865581,0.1521281856952536,0.3327028318758556,0.7243535080359472,0.6425940747830405,0.7926467473859908,True,0.95,True,0.015,False,0.9802884853213317,0.8388713960323404,1.0717840237232517,0.17596099679218366
f2_direct_bypass_alpha0,f2_direct_bypass,350,350,71,True,0,0.5742857142857143,0.4156624837530082,0.48667130257552266,0.057945260136267274,0.21168195722233685,0.2696272173586041,-0.03331121642667424,0.16384395753760664,0.16086206251342725,0.2709285654721967,0.17976214758405995,0.3572706756927994,0.5515008409131974,0.45373245425930003,0.6474863391642348,True,0.99,True,0.055,False,0.6825126874650653,0.9851689600247279,0.9686761917780669,-0.051587404044376055
f2_direct_bypass_alpha0,f2_direct_bypass,350,350,72,True,0,0.5771428571428572,0.42056223212022703,0.49754870471392837,0.02216446854706583,0.24290162298292178,0.2650660915299876,-0.08916702225719256,0.12414704659882886,0.18617290321483904,0.30299017504762743,0.16472171845197547,0.379854034523053,0.5607966252896291,0.4673417431698823,0.6697248502268511,True,1.0,True,0.12,False,0.69811888128361,1.1054776078824193,0.970219534554909,-0.10375421752623508
f2_direct_bypass_alpha0,f2_direct_bypass,350,350,73,True,0,0.6371428571428571,0.5635688785959648,0.5570412831595905,-0.012226873224027601,0.24367750200716598,0.23145062878313838,-0.11328162205811053,0.08221218169306863,0.1815689292972382,0.3013385365723749,0.13461842391436793,0.31182811150575196,0.6503384062501556,0.5582961587801751,0.7398504175649744,True,1.0,True,0.155,False,0.8856899930373652,0.9781576078721872,0.9666008993433466,0.06890060261488731
f2_direct_bypass_alpha0,f2_direct_bypass,350,350,74,True,0,0.6057142857142858,0.4990494161173359,0.5514080970402301,-0.03661938290538602,0.25643440878222123,0.2198150258768352,-0.13576394897081964,0.05433927905302004,0.2037319538029222,0.3300572436818224,0.1133377414537477,0.3180180797306486,0.6708079990045942,0.5965741212037761,0.7586994605699342,True,1.0,True,0.215,False,0.9104048817824943,0.9993077815820108,0.9935180119805205,0.03079564610963844
f2_direct_bypass_alpha0,f2_direct_bypass,350,350,75,True,0,0.5571428571428572,0.3421650916199033,0.5272931239147679,0.04119875812767876,0.24860802253475822,0.289806780662437,-0.06855620042063286,0.14092448388039414,0.1834697478057725,0.32721083722947325,0.19156798559584023,0.38077386633115373,0.6047720345204485,0.5018427043154551,0.7076530287758008,True,1.0,True,0.13,False,0.8119777577351641,1.0172154403055043,0.9352270519702618,-0.09087805296729706
f2_direct_bypass_alpha0,f2_direct_bypass,350,350,76,True,0,0.6628571428571428,0.5524427560202616,0.4599890979707143,0.04612782453940789,0.17802296959683672,0.2241507941362446,-0.0319673576521544,0.14469277117220136,0.12775482776581745,0.22967633220768285,0.14371623358981966,0.3189400820396628,0.5323544314485861,0.43514294000101006,0.6308717246129236,True,0.83,False,,False,0.685111218540577,0.8805052462471562,0.917913524081184,0.11470221909449364
f2_direct_bypass_alpha0,f2_direct_bypass,350,350,77,True,0,0.6028571428571429,0.44901321052488047,0.5485571148162994,-0.016828054799680137,0.2694878493554096,0.25265979455572946,-0.1118046918861361,0.09518025314390498,0.2104139430928012,0.32434214094135777,0.14732713107683088,0.34910474421194104,0.652180233444803,0.5774115513007051,0.7305090436413632,True,1.0,True,0.22,False,0.9262118734394729,1.0219913913687082,0.928862536946357,-0.024022804908635863
f2_direct_bypass_alpha0,f2_direct_bypass,350,350,78,True,0,0.6142857142857143,0.41003331232367357,0.47463763759334154,0.025267240124460466,0.1900886188452714,0.21535585896973186,-0.06404149350455106,0.11288264774231153,0.13492646741326833,0.2504941253825626,0.12307988924812806,0.30087482806874255,0.5835914320155096,0.4901855920402169,0.6976808611028462,True,0.91,False,,False,0.7426846067474702,0.8453565165444783,0.9676606581345747,-0.005398932956263858
f2_direct_bypass_alpha0,f2_direct_bypass,350,350,79,True,0,0.6542857142857142,0.5515654949494498,0.48512930173918717,0.08120493926999772,0.19733852091408144,0.27854346018407916,-0.030548560559677918,0.16911763061502322,0.13541636317588418,0.2607972810477819,0.1832341347688564,0.35646856208676647,0.5637469337375532,0.45611374977071995,0.6608582506169542,True,0.935,False,,False,0.6665535122257868,1.0274105875797808,1.0239922972521507,0.005569726518837336
f2_direct_bypass_alpha0,f2_direct_bypass,350,350,80,True,0,0.6114285714285714,0.5698430933247367,0.47476930841155296,0.018183126542514416,0.20856301448539638,0.2267461410279108,-0.07884643689929438,0.12490087028398103,0.16344462866815396,0.2643851190347238,0.12610036908921213,0.3129820348534029,0.5562812751042008,0.47742173094302903,0.6539269662807582,True,0.99,True,0.06,False,0.6644811792497898,1.0104100676261487,1.0074275719600851,0.07329830323968857
f2_direct_bypass_alpha0,f2_direct_bypass,350,350,81,True,0,0.6628571428571428,0.5610980520430163,0.504151712776471,0.003455645835119703,0.21812800511726227,0.22158365095238197,-0.1062439033945163,0.11244323898594248,0.15409860150690716,0.2777392085926276,0.12782877001200446,0.3066554333835908,0.6276830516879417,0.5372773704483949,0.7038970126102159,True,0.98,True,0.06,False,0.820179276490383,0.9610917063176408,0.9830832276255486,0.09153644608967305
f2_direct_bypass_alpha0,f2_direct_bypass,350,350,82,True,0,0.5828571428571429,0.39485074072609533,0.509228087778971,-0.058488725358573135,0.22050233269218988,0.16201360733361675,-0.15350523849217293,0.03515668639558779,0.17226010690864246,0.28673566863675776,0.06830557759772601,0.263043746963784,0.6408626700011472,0.5609924528607362,0.7314032226512625,True,0.995,True,0.13,False,0.8068533859672836,0.9114002274695922,1.0346750025329483,-0.06866127540175052
f2_direct_bypass_alpha0,f2_direct_bypass,350,350,83,True,0,0.6028571428571429,0.48478280258418294,0.46668137833568335,0.12970623204674642,0.15725481863281798,0.2869610506795644,0.029132927176851037,0.2232916975277049,0.10858948166173783,0.21429737895728637,0.20372189756824355,0.3731895721599634,0.5269368036097783,0.39652692278066504,0.6236656550359218,True,0.6,False,,False,0.5980745308187589,0.8683290720471238,1.0366522914442526,0.06798588955019888
f2_direct_bypass_alpha0,f2_direct_bypass,350,350,84,True,0,0.6171428571428571,0.5024333760031113,0.487003168352192,-0.0024118912496409184,0.1801490967095819,0.17773720545994098,-0.08982974796511964,0.10385110043847334,0.12251954673979736,0.23493036513639529,0.09355283461050674,0.2585658063553954,0.6109744572028256,0.4968859112143917,0.6962788153817577,True,0.83,False,,False,0.7563245799613108,0.7993683819328259,1.020425853673357,0.12330437200068539
f2_direct_bypass_alpha0,f2_direct_bypass,350,350,85,True,0,0.6085714285714285,0.47061623460603935,0.5116368124941463,0.01303644436114404,0.2205974700214266,0.23363391438257064,-0.09133417921657436,0.116899106261655,0.16981268836679364,0.28644589632631334,0.1503326078762104,0.34025343122248625,0.6075017716515064,0.5244288963666383,0.6814972384423338,True,0.995,True,0.095,False,0.7535951574731453,0.9791586859740542,1.014880409368094,-0.007772723398427201
f2_direct_bypass_alpha0,f2_direct_bypass,350,350,86,True,0,0.6228571428571429,0.5553507634340726,0.5455032573147053,-0.006658662538356064,0.24898715618855216,0.2423284936501961,-0.09962550471268342,0.09884932863577912,0.18319605461428098,0.3104896944444221,0.14557285306163148,0.3447514723105132,0.6501860211678987,0.5411028013030377,0.7471623965251393,True,0.995,True,0.15,False,0.8602940299195961,1.0123852249692482,0.9947310785962452,0.014435426469154545
f2_direct_bypass_alpha0,f2_direct_bypass,350,350,87,True,0,0.6857142857142857,0.6003537479781386,0.5168552160241234,-0.09499112788107489,0.25650605304573937,0.16151492516466448,-0.19900986723111525,-0.011801601996296837,0.19285162533593284,0.3225197439097465,0.07485932844061136,0.2415094092411959,0.6576263479265422,0.5587395099923027,0.7566605523483032,True,1.0,True,0.18,False,0.9030996167999091,1.0301452751472029,0.966607273184725,0.08822440499410923
f2_direct_bypass_alpha0,f2_direct_bypass,350,350,88,True,0,0.62,0.4703430817120179,0.5342841166121057,0.06325829908784691,0.204258133410668,0.2675164324985149,-0.020442290191146788,0.15409468037252805,0.15253756065841836,0.26466965244718055,0.17013669584933802,0.35023395839577764,0.6352977994556956,0.5204230804202596,0.7263789917312589,True,0.98,True,0.055,False,0.7941860662260346,0.9169569291153219,1.0358275785002322,-0.001254621812225053
f2_direct_bypass_alpha0,f2_direct_bypass,350,350,89,True,0,0.6028571428571429,0.5223345190846187,0.5454124044127863,-0.0004904675550513327,0.22969042905952985,0.22919996150447852,-0.09133767686947272,0.09725844316362384,0.17530385637201323,0.29904827895406816,0.14196556950542236,0.3184090056090959,0.654478301874315,0.5685934997266141,0.7488601791352675,True,0.99,True,0.14,False,0.8912838729573084,0.904229695059291,0.9712052106123091,0.08830048643110895
f2_direct_bypass_alpha0,f2_direct_bypass,350,350,90,True,0,0.5885714285714285,0.4537837195067611,0.5472544879366972,-0.044479789844362405,0.24349056561553944,0.19901077577117704,-0.1317619642818093,0.04564883163378274,0.18150469180360937,0.3063910440786831,0.1094487096853393,0.29190895251334315,0.6532974943650263,0.5630258596608527,0.7411868683872357,True,1.0,True,0.17,False,0.8051020325856661,1.0285676964004455,1.0717810534867325,-0.10163977384792545
f2_direct_bypass_alpha0,f2_direct_bypass,350,350,91,True,0,0.5942857142857143,0.5215350282314247,0.5743266236061715,0.004581685056965601,0.224431829115751,0.2290135141727166,-0.0854964594963434,0.09251365206554657,0.16475067909238397,0.2827881737508253,0.12320184702010249,0.31658900589361494,0.7115144470298669,0.6367902857503643,0.7755937445849467,True,0.995,True,0.115,False,0.9789325544767324,0.8610816556763976,1.0343764689661532,0.09590730932542543
f2_direct_bypass_alpha0,f2_direct_bypass,350,350,92,True,0,0.6542857142857142,0.4204561081831433,0.5460329630039406,-0.027899164848153024,0.21504304663829454,0.18714388179014152,-0.1460210531503767,0.08195468191512231,0.1556754909460077,0.2813643729216171,0.07853834129990098,0.2714873077970746,0.6590516819006614,0.5699351910077002,0.7469732727976212,True,0.985,True,0.075,False,0.8584811033324263,0.9148934908517545,1.0207385074753588,0.007447576612411138
f2_direct_bypass_alpha0,f2_direct_bypass,350,350,93,True,0,0.66,0.5576113088620144,0.5146364884589532,-0.07561218306404438,0.222704902806234,0.14709271974218963,-0.1620740532763255,0.019867840335702967,0.16392783199745115,0.2837710695575926,0.03950964827267952,0.24581324228052387,0.6684712621126359,0.5759537998292152,0.7438400200402208,True,0.995,True,0.095,False,0.8545847312806286,0.9375012205201255,1.0517382211667894,0.03796777520228777
f2_direct_bypass_alpha0,f2_direct_bypass,350,350,94,True,0,0.6171428571428571,0.46854144549362786,0.5548982496816728,-0.027488649302772172,0.2353774891368816,0.20788883983410944,-0.12557510088058613,0.061209050247294616,0.1715820691455312,0.2913370425404332,0.10681027764519682,0.29407036005054543,0.6895855208820302,0.6077426677286449,0.7598038312948325,True,1.0,True,0.155,False,0.9066276617709125,0.9491401022198155,1.0502630674591462,0.002106880974175524
f2_direct_bypass_alpha0,f2_direct_bypass,350,350,95,True,0,0.7028571428571428,0.6887429249195316,0.48253141697931046,-0.09327780435888067,0.22344848769529901,0.13017068333641835,-0.18712571140958043,0.0028775658493559613,0.1683730653154927,0.2796442924398332,0.03914296754799401,0.22879511810694927,0.6364791759417361,0.5541372518067444,0.7177402545220049,True,0.99,True,0.115,False,0.8325439860999763,0.9642283211353685,0.991190480507063,0.19285254070069358
f2_direct_bypass_alpha0,f2_direct_bypass,350,350,96,True,0,0.62,0.576499577188554,0.5381542033516314,0.0667095589954062,0.17916882733747452,0.24587838633288073,-0.025984575535012256,0.17247450461947275,0.12380497416728736,0.23894261452645624,0.14515182831968312,0.3615458779514654,0.646241977710893,0.5707792028390833,0.7276737077583512,True,0.84,False,,False,0.8228818167187617,0.7836748944947808,1.0291003233676101,0.1936109616959138
f2_direct_bypass_alpha0,f2_direct_bypass,350,350,97,True,0,0.5914285714285714,0.48191627916168833,0.5629854798492674,-0.06889282184672518,0.2628178289289396,0.19392500708221444,-0.1377236637009344,0.0300231639495336,0.20642380729094,0.3357565444738678,0.10617797488890134,0.27581241433597276,0.6819312974502852,0.5990742508670875,0.7566640954102456,True,1.0,True,0.245,False,0.9995110419760084,0.9294772514393935,0.9327997736159921,0.025142979017951154
f2_direct_bypass_alpha0,f2_direct_bypass,350,350,98,True,0,0.5485714285714286,0.4672264235552849,0.532868667428987,-0.029390731068234588,0.2762491865898696,0.246858455521635,-0.1325245887347552,0.05680066183916769,0.21782515197180338,0.3387481851258899,0.13786980316624864,0.32258562051971046,0.6466405702819692,0.5591058195411366,0.7358615919716928,True,1.0,True,0.24,False,0.86525050495364,1.0760656769323549,0.9797456388731225,-0.04928449699326246
f2_direct_bypass_alpha0,f2_direct_bypass,350,350,99,True,0,0.6028571428571429,0.5721147776927304,0.5335891203949227,0.006524170313785549,0.2615993445505522,0.2681235148643378,-0.09485719418182073,0.11088790823794908,0.19385890260245248,0.32053710482847436,0.17713891272745313,0.3655136927229703,0.6419580143883014,0.5553697532432725,0.7224318597683251,True,1.0,True,0.175,False,0.859196714865384,1.0594993457191093,0.9744644833625996,0.027245670981063137
f2_direct_bypass_alpha0.5,f2_direct_bypass,350,350,0,True,0,0.7085714285714285,0.5394372982633372,0.5401346323247033,0.1628375600556765,0.1690269480018718,0.3318645080575483,0.06243064233102259,0.26351037083200535,0.12122601562856854,0.2291369215610038,0.23800844917907224,0.420286167552669,0.6251391771319755,0.5150043883966006,0.7097938269022273,True,0.74,False,,False,0.8691360993408493,0.8686871582726476,0.9215281816098398,0.07282819610545799
f2_direct_bypass_alpha0.5,f2_direct_bypass,350,350,1,True,0,0.6428571428571429,0.35413219757730313,0.5327958231207496,0.16316797569774638,0.16262334572376314,0.3257913214215095,0.08729705702312807,0.24881946023691956,0.10962913464874781,0.21431925520346964,0.2388442583939952,0.4135715042179768,0.6492933838211395,0.5512230033331448,0.7210659994949977,True,0.63,False,,False,0.8945284596836359,0.7368416530997194,0.9543899935641256,-0.00586710542253311
f2_direct_bypass_alpha0.5,f2_direct_bypass,350,350,2,True,0,0.7371428571428571,0.5681083769150879,0.4995203030205235,0.1309120218353239,0.1613649165070885,0.2922769383424124,0.030544556717389065,0.2427310957966796,0.09225638976570218,0.21785662889761181,0.21615559410561527,0.3834370378578217,0.5903471979459058,0.4443078583295911,0.691304043421002,True,0.59,False,,False,0.7879243503848443,0.906425876473075,0.928258735660352,0.08122819183812188
f2_direct_bypass_alpha0.5,f2_direct_bypass,350,350,3,True,0,0.6342857142857142,0.4451004709284241,0.5783378016615043,0.10615842869177228,0.21636385593477736,0.32252228462654964,0.0075346627272598506,0.21431574542476267,0.16356380694386266,0.2746147169450011,0.23897941051648924,0.42644303881952866,0.6775753654246652,0.6042792865517471,0.7544453690773232,True,1.0,True,0.11,False,0.942769164022276,0.9088815090582608,0.9772307192842224,-0.009340960605652591
f2_direct_bypass_alpha0.5,f2_direct_bypass,350,350,4,True,0,0.6857142857142857,0.4291729659801914,0.5267440617506236,0.1720704432859601,0.16738546466549042,0.33945590795145053,0.08022971501948474,0.3002766415103987,0.1117852650109787,0.22813013651902989,0.2581024874546123,0.43441448449472364,0.6076152404356189,0.5040076708226072,0.7038695837377141,True,0.675,False,,False,0.8044917015032268,0.9150120596850246,0.9509550018504949,-0.0047952419932601985
f2_direct_bypass_alpha0.5,f2_direct_bypass,350,350,5,True,0,0.6628571428571428,0.6086320133661535,0.5521976681442624,0.20048602564494938,0.1921009746722514,0.3925870003172008,0.1026730167830853,0.2997089953075685,0.13971659511147536,0.262515502744874,0.30025780272554325,0.4871715247031692,0.6387107107692582,0.5429190663473062,0.7305832936114846,True,0.93,False,,False,0.798546836012085,1.0666179217286855,1.0395014902868827,0.09360869062505087
f2_direct_bypass_alpha0.5,f2_direct_bypass,350,350,6,True,0,0.7,0.5469988408057758,0.5575641475463209,0.11715886757997629,0.20929121607869217,0.32645008365866846,0.016952048058467502,0.22739388901454044,0.15470746515607697,0.2782771682760412,0.2489918043875374,0.43022117099680657,0.6105981241027266,0.4926102961452559,0.7055230369547125,True,0.985,True,0.03,False,0.8178810849666563,1.0364730891870164,0.9426982202018972,-0.021581680046927575
f2_direct_bypass_alpha0.5,f2_direct_bypass,350,350,7,True,0,0.7142857142857143,0.5131596981333832,0.47971209766194406,0.18205860020717635,0.13933928831398767,0.321397888521164,0.06903168143016002,0.29645626228298244,0.08281641437549435,0.20656826650377969,0.23098538533608648,0.4022532253082428,0.5556269056104012,0.42413759243510535,0.6809532334399898,True,0.4,False,,False,0.685799099943963,0.9389088956771637,0.9744504402955698,0.07053189536535404
f2_direct_bypass_alpha0.5,f2_direct_bypass,350,350,8,True,0,0.6685714285714286,0.4772113815330949,0.5341308246497657,0.0953297024625861,0.2183680790394671,0.3136977815020532,0.004037454537576289,0.2100137262367721,0.15862821851846715,0.27584872955686973,0.2199891341918179,0.39588394053290926,0.612492192276428,0.4939869023652935,0.7094701451163472,True,0.985,True,0.055,False,0.7370801059038679,1.1323951223976123,1.051227778341791,-0.10192775432718226
f2_direct_bypass_alpha0.5,f2_direct_bypass,350,350,9,True,0,0.6771428571428572,0.5770266543904139,0.5946261440651617,0.20555365946064869,0.2244787936987831,0.4300324531594318,0.10298926785394805,0.3113739957378142,0.16256071830947305,0.2903190890465691,0.3365355252415177,0.5060438586668385,0.6488030409567945,0.5421053101745693,0.7342544971439972,True,0.985,True,0.06,False,0.8622556116968274,1.1698315432892312,0.988819640393696,-0.047990160589438315
f2_direct_bypass_alpha0.5,f2_direct_bypass,350,350,10,True,0,0.6628571428571428,0.5277093848704462,0.5485535896117447,0.1874870155091125,0.1827298685994465,0.370216884108559,0.06362295652836789,0.28455946661926274,0.12677790087786273,0.24267577232220108,0.27649846922710275,0.4532026661841671,0.6495468275123881,0.5500726912278167,0.7340488112936626,True,0.835,False,,False,0.8231202901076363,1.0053863034667894,1.0378864362170457,0.06525002387963431
f2_direct_bypass_alpha0.5,f2_direct_bypass,350,350,11,True,0,0.68,0.4676219773797243,0.5643118015881154,0.12995007620042537,0.21642430673596968,0.34637438293639505,0.023814641214255583,0.22888011061129912,0.14957581302543435,0.2715814033791972,0.25078866419112106,0.42164345517100454,0.6757223841428055,0.5623674622800494,0.7747731203869838,True,0.97,True,0.05,False,0.8829552394174117,1.0547784412484276,1.0381738765124024,-0.07182640697271339
f2_direct_bypass_alpha0.5,f2_direct_bypass,350,350,12,True,0,0.6714285714285714,0.5193535520210784,0.5556478157069633,0.10100521781899974,0.1841848195429855,0.2851900373619852,-0.008434341421546584,0.19004574261318272,0.13231362845293657,0.24136399099020256,0.18564164362470545,0.3731258440757068,0.6468874947446834,0.5619598755294285,0.7408000058654303,True,0.9,False,,False,0.8771831497814788,0.8373492275580732,0.9670522955912964,0.09589408551313851
f2_direct_bypass_alpha0.5,f2_direct_bypass,350,350,13,True,0,0.6285714285714286,0.46803524244509154,0.5350758601049664,0.09242104630663717,0.21257314717482023,0.3049941934814574,-0.017414666788872935,0.22609324954620644,0.16445750554096347,0.27373819163267593,0.2199877006663159,0.40406678637889826,0.6003798305669092,0.49848925606460737,0.6939251111050604,True,0.995,True,0.065,False,0.7664542674729273,0.98333054180028,0.9795003890097149,-0.015203962091679329
f2_direct_bypass_alpha0.5,f2_direct_bypass,350,350,14,True,0,0.6857142857142857,0.5177377001251781,0.4939063454380954,0.023282866402181357,0.22863758826743596,0.2519204546696173,-0.08723302901712114,0.12599188841013406,0.16635585607193482,0.28364170895437774,0.15550907300436317,0.3365304428294926,0.5689954248606782,0.4480891289049202,0.6681217173893584,True,1.0,True,0.09,False,0.7004991186885152,1.1621857032461111,0.9877553767790997,-0.07997564502694084
f2_direct_bypass_alpha0.5,f2_direct_bypass,350,350,15,True,0,0.6828571428571428,0.45539643721791856,0.5150436881100802,0.21792567968292764,0.14925884981221782,0.36718452949514546,0.11488122133990296,0.33353470276777,0.09448239107025262,0.2002978176587068,0.2919794393015308,0.4467291273767754,0.579709427607726,0.46808129389363134,0.6819788766759536,True,0.45,False,,False,0.7351698394926053,0.9575620198643248,0.9677412478589995,0.028593704791745656
f2_direct_bypass_alpha0.5,f2_direct_bypass,350,350,16,True,0,0.6457142857142857,0.5239663829684491,0.5780237508850986,0.1884593397433959,0.2058548929752293,0.3943142327186252,0.09826736589545917,0.2844724716684662,0.15255658730906668,0.27346346661198656,0.30350852479150336,0.49578922721745317,0.6784717121721698,0.5879289901812614,0.7566782776744868,True,0.985,True,0.055,False,0.9071303310287718,0.995315508104995,1.0181117500493424,0.020621051709441323
f2_direct_bypass_alpha0.5,f2_direct_bypass,350,350,17,True,0,0.7057142857142857,0.5336275941162093,0.5470242195498238,0.12572834347616368,0.18754057629098486,0.31326891976714855,0.02577641072713776,0.2200058798304433,0.13241089352661772,0.24993140507827005,0.2262938742235289,0.3912471217099157,0.6519984900495592,0.5503336425114403,0.737538111073749,True,0.87,False,,False,0.8411299875586891,1.0000443800282253,1.0223228933829192,0.013604500437228982
f2_direct_bypass_alpha0.5,f2_direct_bypass,350,350,18,True,0,0.6542857142857142,0.5120779002150426,0.5309805415442596,0.23695880917057643,0.17088828912916298,0.4078470982997394,0.1411283456189292,0.33725155958721875,0.11222545085420679,0.23933699778491233,0.321264750531849,0.49469151552235785,0.5819694562694485,0.4635189264919602,0.6770759731400529,True,0.765,False,,False,0.687810029006668,1.0275307648673488,1.0404677737478794,-0.004615672562509558
f2_direct_bypass_alpha0.5,f2_direct_bypass,350,350,19,True,0,0.6714285714285714,0.5504678579518187,0.5393251931264227,0.2173319335297837,0.1676023613338119,0.3849342948635956,0.09591535904980573,0.32320947045051235,0.11337838331207122,0.22240217334475842,0.2913830918575688,0.470762474482105,0.6103635758151564,0.5229977679342901,0.7128526311855028,True,0.75,False,,False,0.7223759721964835,0.9733281772705172,1.0666785767200737,0.022089704576394996
f2_direct_bypass_alpha0.5,f2_direct_bypass,350,350,20,True,0,0.6657142857142857,0.49759344302387043,0.5431645110998004,0.260514991369748,0.17872381684290317,0.43923880821265116,0.14090557173204962,0.358388023594123,0.12175696599116417,0.24890481948592763,0.3497281658983179,0.5230694278063827,0.5505206366716029,0.4531951140441569,0.6562082942249472,True,0.8,False,,False,0.6882554658895198,1.111770453578381,0.9581428882359889,-0.08369866332429841
f2_direct_bypass_alpha0.5,f2_direct_bypass,350,350,21,True,0,0.7,0.6227711547144327,0.5740753261248528,0.1782478453627614,0.19898574684330894,0.37723359220607033,0.08609325073155115,0.29603015592040327,0.13899201822123053,0.26181570456714764,0.29262842870778333,0.46803178954394353,0.6526220664607011,0.5632566357257869,0.7257354074048246,True,0.925,False,,False,0.8776983808109274,1.0607762648220103,0.9813604910348324,0.08025657228289254
f2_direct_bypass_alpha0.5,f2_direct_bypass,350,350,22,True,0,0.6714285714285714,0.5354299468514437,0.5727372770948269,0.2153168209739723,0.22003268469107407,0.4353495056650464,0.08938249052604873,0.32868163391613237,0.16367294598039595,0.2897574867811327,0.34976376787123165,0.523222051883795,0.616727327405161,0.5203900569950979,0.7065680667444337,True,1.0,True,0.075,False,0.807136649137221,1.2455342546923713,0.9706749185449495,-0.09089584979386289
f2_direct_bypass_alpha0.5,f2_direct_bypass,350,350,23,True,0,0.7057142857142857,0.4870601372248537,0.5346150525209468,0.09705812566161276,0.1932921669821781,0.29035029264379086,-0.015010591471267778,0.19653037047946695,0.1323365388767535,0.2545044227000125,0.21195268075968637,0.3689280769306986,0.6544249319310507,0.5516341575095053,0.757858515397569,True,0.885,False,,False,0.8631692588941018,1.0168232685183969,1.0026956651001568,0.039653130607124915
f2_direct_bypass_alpha0.5,f2_direct_bypass,350,350,24,True,0,0.6914285714285714,0.570224749982711,0.5471217495514402,0.10625828473504939,0.19782955451603224,0.3040878392510816,0.004278770441343326,0.2046945158099162,0.1464450283871125,0.2675440466410087,0.20781917312798265,0.393247673804664,0.6354341142055394,0.5476542699987523,0.7342602288611684,True,0.95,True,0.005,False,0.8230938394504568,0.9560689536402293,0.999808065197603,0.021169050841130414
f2_direct_bypass_alpha0.5,f2_direct_bypass,350,350,25,True,0,0.6514285714285715,0.535083249867156,0.5740954878352423,0.18297997048959663,0.21619628608408448,0.3991762565736811,0.07964591169364986,0.2949978496606322,0.15508682179016967,0.28732611939919483,0.317664999290435,0.48173378720795407,0.6187016399266172,0.5138335710513654,0.6967966390034536,True,0.98,True,0.045,False,0.7942238942181868,1.1204716799908339,0.99156787147585,-0.002738228351411551
f2_direct_bypass_alpha0.5,f2_direct_bypass,350,350,26,True,0,0.5857142857142857,0.405618305586199,0.5402448559412526,0.023315940574704874,0.2267752131562809,0.2500911537309858,-0.0841755792892707,0.12498680022657394,0.1630985396973631,0.2733683473493855,0.14222963779559758,0.34472970293356725,0.6404575779606028,0.5327691581753893,0.704116275524536,True,0.995,True,0.1,False,0.8397362358635256,0.9286250109273062,0.9930929588772969,-0.016242322569144554
f2_direct_bypass_alpha0.5,f2_direct_bypass,350,350,27,True,0,0.6314285714285715,0.5289913794842115,0.5311765971199259,0.14302577525721316,0.20697509188778795,0.3500008671450011,0.053992324088183524,0.2303707074333269,0.15433070102059285,0.27131949239940084,0.2761769125818035,0.43623357279991803,0.5771947618604948,0.47778287701611816,0.6753766420797706,True,0.975,True,0.04,False,0.7278205154721498,1.0303886450166,0.9711476094012252,0.03146089385796793
f2_direct_bypass_alpha0.5,f2_direct_bypass,350,350,28,True,0,0.6371428571428571,0.4566794983719122,0.5810798128180671,0.2344510347298776,0.18782555863005768,0.4222765933599353,0.13071294838337785,0.3424285709713591,0.1326235034333888,0.24878544370612,0.3395151991066106,0.5137228024169841,0.6512422449765447,0.5570892498290092,0.7390326808306256,True,0.875,False,,False,0.8122541799884202,1.0398919320108164,1.0565335135956408,-0.03058401990693475
f2_direct_bypass_alpha0.5,f2_direct_bypass,350,350,29,True,0,0.6771428571428572,0.4827806611715388,0.4900476994224802,0.16398471910529488,0.16924809609792735,0.33323281520322223,0.06337672968167578,0.2739599273663055,0.1217036199651627,0.22792077345191034,0.240793113850693,0.425022008807534,0.5575373701340244,0.4510473697071954,0.6609661560337597,True,0.75,False,,False,0.6674550380952216,0.9968853173750731,1.0062234416723432,-0.02990290902757231
f2_direct_bypass_alpha0.5,f2_direct_bypass,350,350,30,True,0,0.7285714285714285,0.4870609416373499,0.5822133702435157,0.13195513342012155,0.20460084892214958,0.33655598234227113,0.031026519756337037,0.24442028688935802,0.14576663301566717,0.26375295894505757,0.24141237919432662,0.42795651584788363,0.6739313275734802,0.590083074351762,0.7759435692251754,True,0.96,True,0.015,False,0.9751332802370274,1.0004514444181143,0.9354666516456002,-0.04744962149400235
f2_direct_bypass_alpha0.5,f2_direct_bypass,350,350,31,True,0,0.6714285714285714,0.5645160759993462,0.5728134331416225,0.16389609976070652,0.21974785861651736,0.38364395837722387,0.05925403273954759,0.27954994882336653,0.14917857277063093,0.30545489181985286,0.2930962527099601,0.49326949828526073,0.6472953935674793,0.5469333984575997,0.7429323441277477,True,0.97,True,0.055,False,0.8572598836215843,1.1114710061287516,0.990600875801137,-0.0007464895924864372
f2_direct_bypass_alpha0.5,f2_direct_bypass,350,350,32,True,0,0.68,0.5181873260071529,0.5155453321437218,0.08749185181124441,0.17567792742802324,0.26316977923926765,-0.008036742753946443,0.19801563817755588,0.12424551652056981,0.23179546215535482,0.17741350582006613,0.35171561228060877,0.6260289479182506,0.5392626175650859,0.698620027861232,True,0.8,False,,False,0.7875868908346667,0.8744210665925647,1.0193253085020308,0.08096717632096778
f2_direct_bypass_alpha0.5,f2_direct_bypass,350,350,33,True,0,0.6714285714285714,0.482975193451197,0.569601065358163,0.1264506183512134,0.16791886878282447,0.2943694871340379,0.04416599184776608,0.2258697328024991,0.11436789006134976,0.2181140708420207,0.2007382921754387,0.3873500686269306,0.702418664546952,0.6077517418017955,0.7806183170284223,True,0.69,False,,False,0.9714825786463648,0.7732686842949095,1.0158392659404194,0.11622127028529851
f2_direct_bypass_alpha0.5,f2_direct_bypass,350,350,34,True,0,0.6657142857142857,0.5143303086357082,0.5298952310450556,0.11860181719648488,0.18291665713505956,0.30151847433154444,0.007651105194724811,0.20908640860674407,0.12398154512095827,0.25344402921504394,0.20863118355147256,0.3833765446305254,0.6343411026926218,0.5196011152349564,0.7200585587898837,True,0.865,False,,False,0.7900281603375952,0.9198032635548943,1.038653901427841,0.05705621591132534
f2_direct_bypass_alpha0.5,f2_direct_bypass,350,350,35,True,0,0.6685714285714286,0.534347372868844,0.5795622966121909,0.1556809762201149,0.21526097025460944,0.37094194647472434,0.048382805735062116,0.2576201875037643,0.1447212492980092,0.28877219599442705,0.27521351155665075,0.4632257803240057,0.6437397101705029,0.5390116406545237,0.7320889153496914,True,0.96,True,0.035,False,0.8100665053467137,1.140497515717428,1.0384590914025829,-0.022867070416783104
f2_direct_bypass_alpha0.5,f2_direct_bypass,350,350,36,True,0,0.6571428571428571,0.4581357273269535,0.4623033758118749,0.19799476114688475,0.1088903088548191,0.30688507000170384,0.10985402086313874,0.2950797480557604,0.06980280855649083,0.16352776091457333,0.23322275003456902,0.39495310190328103,0.530057773987933,0.42183859684950953,0.6492768726633501,True,0.07,False,,False,0.6106564930511132,0.6772790599994127,1.0236466732545537,0.12723793217049253
f2_direct_bypass_alpha0.5,f2_direct_bypass,350,350,37,True,0,0.6571428571428571,0.5657726012541715,0.5803646782371858,0.07509107329825915,0.2588278682644187,0.3339189415626779,-0.03537158832603118,0.17537342873785894,0.2000601091953488,0.3331841078092931,0.23229688417375796,0.41523216532402957,0.6697213551421448,0.5807661594494888,0.7502011489305233,True,1.0,True,0.18,False,0.9325751628030439,1.1073952827065991,0.9670480527055637,0.012077979672680678
f2_direct_bypass_alpha0.5,f2_direct_bypass,350,350,38,True,0,0.72,0.4962279658928008,0.5910419348077791,0.15893309620639184,0.2109336203011568,0.36986671650754865,0.060474670081178544,0.25516026138275294,0.1544366805898508,0.2860631565326911,0.2818017462114309,0.44715530587941793,0.724590184867085,0.6363453994050078,0.8160599649146214,True,0.98,True,0.05,False,1.0938627038281197,1.054011804401445,0.9611628357175085,-0.01572062143935141
f2_direct_bypass_alpha0.5,f2_direct_bypass,350,350,39,True,0,0.6914285714285714,0.5958062064233487,0.5325501357969493,0.03370170777605097,0.1942951734153181,0.22799688119136907,-0.0714285152489357,0.12376953315586149,0.14116409001601918,0.24798725841858893,0.14298638200804936,0.3227778966859946,0.6643244694629843,0.5805660476633001,0.7467344034914436,True,0.945,False,,False,0.8628757550789999,0.8846746494322061,1.0300377505445706,0.12060953758547799
f2_direct_bypass_alpha0.5,f2_direct_bypass,350,350,40,True,0,0.68,0.47956099297221727,0.5628245658689512,0.1279926570502643,0.20478886516314077,0.33278152221340507,0.036417416012278395,0.2129085374712038,0.15385101013044156,0.28297965960698207,0.24766734316331881,0.40569830946118984,0.6740795211271268,0.5940392963709911,0.7672486064655731,True,0.975,True,0.055,False,0.9326851541349086,0.984453079301618,0.978435502097205,0.021091282898166017
f2_direct_bypass_alpha0.5,f2_direct_bypass,350,350,41,True,0,0.6742857142857143,0.4220280644240448,0.6024164351318817,0.2299798708040559,0.17862192331183713,0.40860179411589304,0.14093357870884846,0.3341851862812094,0.12770168101252813,0.24210449951966911,0.3190183281009369,0.4939020378588531,0.7102331602576699,0.6302741815575573,0.7819474708798756,True,0.855,False,,False,0.9781340450756578,0.9045366673965984,1.0314556673823105,-0.048331002622186425
f2_direct_bypass_alpha0.5,f2_direct_bypass,350,350,42,True,0,0.6885714285714286,0.5132988014496779,0.4789829791173164,0.16186966875721387,0.15889140512102728,0.32076107387824115,0.026576186271313532,0.2648946645739723,0.10437815121435338,0.20815600124219827,0.21904691701845774,0.40381204478812255,0.5412058282802188,0.4302390113844177,0.66066772599287,True,0.625,False,,False,0.6939685685426252,0.9279593599862753,0.9274348190523686,0.05462172372437147
f2_direct_bypass_alpha0.5,f2_direct_bypass,350,350,43,True,0,0.6742857142857143,0.5368760254800412,0.5533259573104413,0.11172382821077231,0.2233927195715948,0.3351165477823671,0.00522133532538974,0.21141454539512317,0.16037815249178689,0.29472765159385567,0.24721862792562352,0.4179413731567524,0.6962269174657318,0.6070431580073755,0.7733561002640844,True,0.99,True,0.085,False,0.9614708647485992,1.055381575963625,1.0087837133511868,0.054416425772894635
f2_direct_bypass_alpha0.5,f2_direct_bypass,350,350,44,True,0,0.6714285714285714,0.44113022088554527,0.5669418282883988,0.18796312548308403,0.19919997835967518,0.3871631038427592,0.0777672890951365,0.2859094287647248,0.13975669024560444,0.26603916687771006,0.3039104802732553,0.47355307175647193,0.6327748918870365,0.5311169662095182,0.7282665856119628,True,0.945,False,,False,0.7970978985311615,1.0981351483418043,1.0251991413635675,-0.10166408171920654
f2_direct_bypass_alpha0.5,f2_direct_bypass,350,350,45,True,0,0.6657142857142857,0.441184319060825,0.56777800434783,0.07253027240364651,0.23415701333984462,0.30668728574349113,-0.0335479703936852,0.161135613673021,0.17626023491868964,0.30748567579040526,0.2151732526171494,0.3965050434965877,0.6901889186852378,0.6087385090519709,0.7628837564182049,True,1.0,True,0.14,False,0.9719114810461573,1.0024543649086644,0.9813528114523854,-0.02853720866987974
f2_direct_bypass_alpha0.5,f2_direct_bypass,350,350,46,True,0,0.6742857142857143,0.5293798474757815,0.5969650737885692,0.11581944556503904,0.2458206380001512,0.36164008356519023,0.014896711285854205,0.2032976314204478,0.17530490989257577,0.3227022323449787,0.26290192256786304,0.4430940457063851,0.6637297417048735,0.5891108839688187,0.7485006619577245,True,1.0,True,0.14,False,0.916941280926057,1.106385814249726,0.9677521273306338,-0.06490676243564401
f2_direct_bypass_alpha0.5,f2_direct_bypass,350,350,47,True,0,0.6885714285714286,0.46076632167372006,0.5195202629790013,0.100019057443684,0.16254149904906356,0.26256055649274757,-0.00855439402327196,0.2085558318780501,0.11045577359128826,0.2222247861615376,0.14817065285083894,0.380844385901244,0.6241500829256028,0.5040256559208057,0.7232423182635894,True,0.655,False,,False,0.7913640665593594,0.8195936946549177,1.0094676305337411,0.04161542372768284
f2_direct_bypass_alpha0.5,f2_direct_bypass,350,350,48,True,0,0.6542857142857142,0.46825004137376336,0.5814305031123015,0.155947112271641,0.191821100395406,0.347768212667047,0.06044625564191745,0.2413315055164095,0.14334434723420794,0.2532686289568088,0.2688346462220044,0.42988885851768505,0.6952100753890708,0.6184515915881139,0.7651280013356063,True,0.93,False,,False,0.8927699172121853,0.933095121116998,1.083339164708908,0.015032276672261395
f2_direct_bypass_alpha0.5,f2_direct_bypass,350,350,49,True,0,0.7114285714285714,0.47821628072970684,0.5135662707442346,0.17185976500969946,0.1672498823490962,0.3391096473587957,0.05620634029359746,0.2778283067689172,0.11355831245019657,0.2415561710682366,0.24918264023999837,0.4358402331946185,0.5607050060744775,0.4572734584024289,0.6516880390723464,True,0.75,False,,False,0.6879838730165713,1.0361646812867644,0.9842776794450934,-0.06058919167380092
f2_direct_bypass_alpha0.5,f2_direct_bypass,350,350,50,True,0,0.6542857142857142,0.5358566235542571,0.5590728673084618,0.12896731075418416,0.20259426578785278,0.33156157654203694,0.03975603247817294,0.2279128925760295,0.13950830217714974,0.26628714569619355,0.25101414443619835,0.4205216237933303,0.6592504205560453,0.5679530130049942,0.7369345403725366,True,0.935,False,,False,0.9246072039623656,0.9004090049803004,0.9482427048286983,0.09851095780666627
f2_direct_bypass_alpha0.5,f2_direct_bypass,350,350,51,True,0,0.72,0.5149144363738823,0.5491340749901088,0.09414773378684693,0.21078109447881122,0.30492882826565815,-0.020818710977199735,0.19999419701647866,0.14649008579152933,0.2745132500984809,0.20701814983157216,0.38612771431160525,0.658230019038053,0.5560306186833806,0.7590663347360209,True,0.955,True,0.01,False,0.945245047870786,0.9790119147131768,0.9250046806962282,-0.016548032088048413
f2_direct_bypass_alpha0.5,f2_direct_bypass,350,350,52,True,0,0.6971428571428572,0.4343718633405237,0.5478189124615338,-0.01435636790625272,0.2553410201268872,0.24098465222063448,-0.10126226016858716,0.09068312591486755,0.18799469789173998,0.3195951119290899,0.15337721521474498,0.33346442252267594,0.6801252648258789,0.5915039763847264,0.7722940675700597,True,1.0,True,0.17,False,0.9778604253514938,1.0452631269305883,0.9487487938154088,-0.08526402288665992
f2_direct_bypass_alpha0.5,f2_direct_bypass,350,350,53,True,0,0.7057142857142857,0.5436019936974557,0.5491019670343609,0.12651151476288636,0.20494038703947592,0.3314519018023623,0.022530127197870977,0.22578841743278918,0.14757386171184408,0.27130468444395645,0.23300161920711127,0.41263145771673726,0.6435677926340543,0.5681671524506674,0.7288759956459554,True,0.965,True,0.025,False,0.8208935200681091,1.0746580079137,1.0242953308284093,-0.027502388128316877
f2_direct_bypass_alpha0.5,f2_direct_bypass,350,350,54,True,0,0.7057142857142857,0.5654260016009335,0.49386935671056426,0.13276042081924655,0.11916328764226247,0.251923708461509,0.03616499221418468,0.22702871607945,0.07758732520660928,0.1630072761803302,0.16206406691472292,0.35733939282487837,0.5865722321012673,0.4823246130318857,0.6715545198659847,True,0.125,False,,False,0.7161305412582085,0.6918816472003098,1.0113455277669707,0.21948683548433165
f2_direct_bypass_alpha0.5,f2_direct_bypass,350,350,55,True,0,0.6914285714285714,0.46179133499861375,0.5485623402559865,0.18072039168733223,0.17582191689256554,0.35654230857989777,0.09501110617935038,0.26511020629638005,0.1255159481169169,0.22826515525228466,0.2912321001821464,0.4364363858931025,0.6863854638337427,0.6008495586326181,0.7713121528742677,True,0.79,False,,False,0.9194637050554034,0.9428737128452095,1.026495310907802,-0.001558363782685208
f2_direct_bypass_alpha0.5,f2_direct_bypass,350,350,56,True,0,0.6942857142857143,0.6259709027574755,0.519596879584547,0.192650630696581,0.1746565482917708,0.3673071789883518,0.07052240264501383,0.3034149375074825,0.11921155670537258,0.23619967833463168,0.26451092193389725,0.4759029342113318,0.5767703202799829,0.4702343431935565,0.681975673243585,True,0.735,False,,False,0.7196652636423229,1.0278869914007134,0.9810702063994682,0.06797616998995844
f2_direct_bypass_alpha0.5,f2_direct_bypass,350,350,57,True,0,0.6914285714285714,0.4439111002582572,0.5166770814776939,0.12014351179876748,0.16915563461412297,0.28929914641289045,0.013557017273412382,0.22534046252182943,0.11257314252638548,0.24960896270209573,0.1971219444687485,0.3674869397798193,0.6200890806414802,0.47222713801154154,0.7290264078353745,True,0.75,False,,False,0.8015134142250981,0.8783802293012632,0.9861272343443965,0.009742172878899912
f2_direct_bypass_alpha0.5,f2_direct_bypass,350,350,58,True,0,0.6828571428571428,0.5181731800980345,0.5399767380532052,0.20359669190527407,0.2024114801725373,0.40600817207781137,0.0870460276779904,0.31370815431945687,0.1411916603149968,0.2755011505574061,0.314400129571132,0.4857430706740447,0.5891668821981748,0.4996716868050124,0.6903901159100607,True,0.95,True,0.005,False,0.7720184461270485,1.1642934336106174,0.9444808870394038,-0.07395364039386404
f2_direct_bypass_alpha0.5,f2_direct_bypass,350,350,59,True,0,0.6885714285714286,0.6231158167014829,0.5470235529912534,0.09834126088610717,0.22392117471162276,0.32226243559772993,-0.0021236667621831397,0.20203075873598444,0.16580022985042975,0.29112880706833455,0.23847296928949827,0.4225755026198222,0.619610387446752,0.5273472156318832,0.7153971286510477,True,0.99,True,0.08,False,0.8246711476923935,1.0933479759862639,0.9572343797884082,0.057694540180773704
f2_direct_bypass_alpha0.5,f2_direct_bypass,350,350,60,True,0,0.6828571428571428,0.49644462761591,0.533354310590227,0.2253730490533412,0.16197068146574722,0.38734373051908844,0.13998721718854135,0.31890890412741646,0.1079476013628804,0.22340312785114655,0.29763978275615577,0.46966292003725657,0.605567986647218,0.5054608854198854,0.6891117969667995,True,0.62,False,,False,0.7581222710883443,0.9893048342423402,1.0037446069921037,0.01592466700188257
f2_direct_bypass_alpha0.5,f2_direct_bypass,350,350,61,True,0,0.6285714285714286,0.49464489068668044,0.5530374210150698,0.1578925600663914,0.20074603912048483,0.35863859918687624,0.06461243557099913,0.2566164611702565,0.14843293905041302,0.2535339368120634,0.2649530830704851,0.4446957616648824,0.6328645478993719,0.5309899301245365,0.7183906332302142,True,0.97,True,0.03,False,0.8357900042679715,0.9419205573710774,0.9779695957737199,0.03711688561241412
f2_direct_bypass_alpha0.5,f2_direct_bypass,350,350,62,True,0,0.7057142857142857,0.5772186277543233,0.4845518166730336,0.24711232625376622,0.11220365727891402,0.35931598353268024,0.1576795751114619,0.3368957393134125,0.07216626755996042,0.16455461527370555,0.2694429199458514,0.4412802444439423,0.5955467666935214,0.48793138585638596,0.7057805184595781,True,0.07,False,,False,0.7202357909414313,0.8172715048754964,1.0293243509334868,0.1872744329605157
f2_direct_bypass_alpha0.5,f2_direct_bypass,350,350,63,True,0,0.7314285714285714,0.5187459723016087,0.503727451418741,0.17173869198434877,0.14704250063756108,0.31878119262190985,0.06802796872445205,0.2800555325065631,0.09484148814572485,0.19684497680517496,0.23993954018183516,0.39535956463762684,0.5852757632754625,0.494346264277928,0.6763875692644171,True,0.445,False,,False,0.727899652693037,0.9911584984538382,0.9916465599490635,0.040158011619612466
f2_direct_bypass_alpha0.5,f2_direct_bypass,350,350,64,True,0,0.6971428571428572,0.6155980309738548,0.5143883635907422,0.13216417664617508,0.2019440370164317,0.3341082136626068,0.027503947771701707,0.24486290865997845,0.14175922098879398,0.2686717098631782,0.2360373053659993,0.4173962792671179,0.6033660664936126,0.49287300932187494,0.7080946632560728,True,0.955,True,0.01,False,0.7327508957131693,1.1649181058111584,1.0325551239911273,0.033138978068275496
f2_direct_bypass_alpha0.5,f2_direct_bypass,350,350,65,True,0,0.6514285714285715,0.5023189791384993,0.5088421943542234,0.17727246800978708,0.17606794086677124,0.3533404088765583,0.07354436236381301,0.277573631223913,0.12279516898431807,0.22832503995914258,0.2572461477300059,0.439828799029775,0.5672552740591861,0.461747471775494,0.6617817091898991,True,0.825,False,,False,0.6947957705840242,1.0042844321016842,0.9913696393231499,0.02887183479112801
f2_direct_bypass_alpha0.5,f2_direct_bypass,350,350,66,True,0,0.6628571428571428,0.5289572917918514,0.591632392327141,0.08093621625808689,0.2625309468140845,0.3434671630721714,-0.015080224068984488,0.19464902460679376,0.20143260395399892,0.3308656164361347,0.25953810196327476,0.4344778165246231,0.7262914768927425,0.6502531762884132,0.7901147254378347,True,1.0,True,0.23,False,0.9538591070614892,1.203254476495924,1.1077085129839364,-0.07266994645611077
f2_direct_bypass_alpha0.5,f2_direct_bypass,350,350,67,True,0,0.64,0.4354691962718472,0.5142866201430613,0.14021212773826297,0.19042074864311198,0.33063287638137495,0.035492103586996816,0.25164588077519773,0.1386647608424837,0.26573485012246933,0.241640517132511,0.43276419004289046,0.581128554849896,0.48998395578145654,0.6742764846821033,True,0.925,False,,False,0.7438523678810174,0.9406600924251252,0.9599784799114384,-0.02410075738534451
f2_direct_bypass_alpha0.5,f2_direct_bypass,350,350,68,True,0,0.6742857142857143,0.5194896186394802,0.6398172904277495,0.12613576036781604,0.18918878779626036,0.3153245481640764,0.015861518021401667,0.22251666379310617,0.13043007101272897,0.2577291169393338,0.2196044633178908,0.4044460028403707,0.7498437230638756,0.6717863778310776,0.8262826958982858,True,0.875,False,,False,1.0906409823985395,0.8144701805534459,1.0391628518418055,0.09829194889908574
f2_direct_bypass_alpha0.5,f2_direct_bypass,350,350,69,True,0,0.6742857142857143,0.5276004259789082,0.5337076121475955,0.13447518382565748,0.19355021196009414,0.32802539578575163,0.04302478174814377,0.24325424779324778,0.14036557658870552,0.25653473308802854,0.23054166300168638,0.4099957692219412,0.6517107870309009,0.5494909620239905,0.7256939781447435,True,0.94,False,,False,0.835357471073661,0.9879006046850691,1.0285976643447285,0.04781063188211538
f2_direct_bypass_alpha0.5,f2_direct_bypass,350,350,70,True,0,0.7028571428571428,0.6169663498842616,0.5789900214888591,0.1613541146601437,0.1650093462541632,0.3263634609143069,0.08013972599905872,0.24597534378618818,0.11152515595621021,0.21726409775935757,0.24374700880323816,0.414744381281408,0.7245633707505931,0.6420216247872407,0.8116685455566546,True,0.685,False,,False,0.980886612199819,0.8388707535612037,1.0717836851444746,0.17596000877982998
f2_direct_bypass_alpha0.5,f2_direct_bypass,350,350,71,True,0,0.64,0.4156624837530082,0.5019438456114077,0.2482193915060723,0.15816568895731287,0.4063850804633852,0.13176171652147625,0.333073451630645,0.1085719983476777,0.22327869009177106,0.3150138237845912,0.4821849401440051,0.5322310564261251,0.43171987597312605,0.6402600010012893,True,0.58,False,,False,0.6489987642651607,0.9851682828742584,0.9686759563539535,-0.05158875087852163
f2_direct_bypass_alpha0.5,f2_direct_bypass,350,350,72,True,0,0.6257142857142857,0.42056223212022703,0.5422490496118703,0.14312882990324927,0.22379697594345782,0.3669258058467071,0.023763380994096247,0.25628448972115836,0.1637945814092215,0.29507482813743025,0.26872237289444556,0.46863439573509735,0.5889168839802776,0.5009239665747234,0.679853801730064,True,0.995,True,0.08,False,0.7510561972395005,1.1054757200407834,0.9702109272209862,-0.10375733060733706
f2_direct_bypass_alpha0.5,f2_direct_bypass,350,350,73,True,0,0.6857142857142857,0.5635688785959648,0.5776691603900825,0.11824148414387914,0.20829581296376054,0.3265372971076397,0.0020736115742071687,0.21653451758966297,0.14678111449730924,0.2740625330758542,0.24354480882760057,0.4096915748396586,0.6566915049132049,0.569126895940302,0.7361311346623408,True,0.96,True,0.035,False,0.900847143218927,0.9781576078721872,0.9666008993433466,0.06890060261488731
f2_direct_bypass_alpha0.5,f2_direct_bypass,350,350,74,True,0,0.6714285714285714,0.4990494161173359,0.5656008678875866,0.1617744926874739,0.19851581634797566,0.36029030903544956,0.06553219683565115,0.25939800254518486,0.1491662658356849,0.2671846095191104,0.2846708261300759,0.45226219076755847,0.662710678234509,0.579619668490025,0.7480292998551423,True,0.96,True,0.025,False,0.8907141935863884,0.9993088789057191,0.9935184957769885,0.030797457686759244
f2_direct_bypass_alpha0.5,f2_direct_bypass,350,350,75,True,0,0.6228571428571429,0.3421650916199033,0.5588978110939686,0.25509173065214935,0.18835164633552148,0.44344337698767083,0.1568173152523274,0.36797007886963434,0.11960615684216502,0.2529971412566167,0.3524413671698165,0.5291133417158659,0.6217726652102894,0.5113014928332184,0.727546133137043,True,0.855,False,,False,0.8488737823799267,1.0172154403055043,0.9352270519702618,-0.09087805296729706
f2_direct_bypass_alpha0.5,f2_direct_bypass,350,350,76,True,0,0.7114285714285714,0.5524427560202616,0.5019610539548459,0.17578271139839519,0.15090430508590003,0.3266870164842952,0.08869186530990689,0.2852115664842948,0.10069055348308402,0.20175493252571286,0.24893561679464918,0.42682983784282674,0.5856133236850061,0.49094000852156416,0.6741983203954781,True,0.51,False,,False,0.7870608062324126,0.8805074256626485,0.9179121705124267,0.11470555788279949
f2_direct_bypass_alpha0.5,f2_direct_bypass,350,350,77,True,0,0.6571428571428571,0.44901321052488047,0.578987068907386,0.14390353909280007,0.2271333319541624,0.3710368710469625,0.038370691253114673,0.25816202848460656,0.17484097951699445,0.281588685120069,0.2748915169508618,0.4501565208174153,0.6711352659581683,0.6015117206645963,0.7567446107555582,True,0.995,True,0.115,False,0.9746398374311511,1.0219913913687082,0.928862536946357,-0.024022804908635863
f2_direct_bypass_alpha0.5,f2_direct_bypass,350,350,78,True,0,0.6571428571428571,0.41003331232367357,0.5056896806264634,0.12661009302628923,0.17818326489330105,0.3047933579195903,0.024980757295899707,0.21734773793298018,0.12252857027651302,0.2346550314104196,0.215099884517624,0.39070497717831304,0.6234871699922193,0.5266301880106682,0.7239404945149763,True,0.805,False,,False,0.8241182083466648,0.8453583930763241,0.9676620097816842,-0.0053955534457020855
f2_direct_bypass_alpha0.5,f2_direct_bypass,350,350,79,True,0,0.7171428571428572,0.5515654949494498,0.4985268130961794,0.2565618535797265,0.13719197673786132,0.3937538303175878,0.1565750610209048,0.36689961918786157,0.08066263529422915,0.19027865022692336,0.30559710138667784,0.473355943967474,0.5591173105953225,0.44759958030331376,0.6519256868224269,True,0.32,False,,False,0.6585753801555094,1.027410964404487,1.0239919131976185,0.00557034699298775
f2_direct_bypass_alpha0.5,f2_direct_bypass,350,350,80,True,0,0.6857142857142857,0.5698430933247367,0.4863157882721607,0.23439158319545328,0.14003352936240232,0.3744251125578556,0.1261761544881094,0.32415539071126637,0.0983208858879109,0.19343588279866775,0.28374433899358475,0.4456189796600826,0.5214676381920941,0.4272195684243348,0.6318392448573018,True,0.37,False,,False,0.6066336884765946,1.0104095687594676,1.0074275444487637,0.07329756926132303
f2_direct_bypass_alpha0.5,f2_direct_bypass,350,350,81,True,0,0.7142857142857143,0.5610980520430163,0.5006125355423331,0.16380172293482265,0.15830366047191324,0.3221053834067359,0.05878396353925244,0.2764052309821791,0.10463031273636914,0.21389894739831253,0.24017370036089214,0.4104562058854749,0.5961697298459496,0.49030995063025573,0.7088511531094301,True,0.56,False,,False,0.7553335753304804,0.9610747709879665,0.9830874710508151,0.09150847508093135
f2_direct_bypass_alpha0.5,f2_direct_bypass,350,350,82,True,0,0.6514285714285715,0.39485074072609533,0.5252590632866692,0.10880519633340524,0.18688897809122573,0.295694174424631,0.0059330534759650085,0.20183993056976884,0.13865994477564203,0.2467470865423567,0.20061390700920714,0.3950168730243346,0.6216769318497978,0.5309344034919582,0.718245186024996,True,0.915,False,,False,0.7670916267652906,0.9113999174833577,1.0346749372067054,-0.0686618213590779
f2_direct_bypass_alpha0.5,f2_direct_bypass,350,350,83,True,0,0.6428571428571429,0.48478280258418294,0.47832097371402915,0.23894161360770688,0.13281178737229005,0.37175340097999693,0.13978783761646998,0.342793256838537,0.08826653254904797,0.17820681890471946,0.28879955617100844,0.4587132858318089,0.5326320619562831,0.4144614516927598,0.6286277582966804,True,0.235,False,,False,0.6070798252965266,0.8683282406252838,1.036652247593335,0.0679844565162519
f2_direct_bypass_alpha0.5,f2_direct_bypass,350,350,84,True,0,0.66,0.5024333760031113,0.5129541234437353,0.10216553711649656,0.1662332493962848,0.2683987865127814,0.006894194087083947,0.19973854358480123,0.11053787571786797,0.21717515742662982,0.17888719254610277,0.34338867350072777,0.6390135784278156,0.5502612822513311,0.726518256847094,True,0.705,False,,False,0.8141265616763198,0.7993683819328259,1.020425853673357,0.12330437200068539
f2_direct_bypass_alpha0.5,f2_direct_bypass,350,350,85,True,0,0.6742857142857143,0.47061623460603935,0.5505333064136024,0.18469159139330915,0.1813426731559532,0.36603426454926236,0.07572480472512846,0.28086503577394994,0.13072816980817117,0.24446536943638858,0.28275757870085494,0.44281227266033063,0.6310484879043915,0.532046249844299,0.726721054390244,True,0.9,False,,False,0.801548448701216,0.9791586859740542,1.014880409368094,-0.007772723398427201
f2_direct_bypass_alpha0.5,f2_direct_bypass,350,350,86,True,0,0.6914285714285714,0.5553507634340726,0.5787896815054656,0.1695109290108643,0.20596448706897297,0.37547541607983725,0.05910978195661182,0.28456453215922284,0.14214123797453332,0.27567622307719997,0.28357570327875203,0.47532714064304826,0.6820839541002431,0.58284053183468,0.776105239968551,True,0.935,False,,False,0.937675784935375,1.0123925997686063,0.9947296751241931,0.014446552231481507
f2_direct_bypass_alpha0.5,f2_direct_bypass,350,350,87,True,0,0.7542857142857143,0.6003537479781386,0.5744097570927681,0.10594668059098356,0.19643961336991733,0.3023862939609009,0.002495810762473356,0.18617113535920576,0.14141712835147746,0.26630709743563163,0.2179080753399858,0.3644969585752152,0.7127715301373103,0.6334284578888736,0.799307381382801,True,0.91,False,,False,1.0513234162358396,1.0301529760476749,0.9666083599496866,0.08823690039133765
f2_direct_bypass_alpha0.5,f2_direct_bypass,350,350,88,True,0,0.6714285714285714,0.4703430817120179,0.54854364392179,0.19573870568770663,0.1704902183803534,0.36622892406806,0.09275715336763497,0.3061705223301735,0.1169341872310017,0.2395729480069044,0.2786288756569603,0.45805546708678746,0.6507503407001346,0.5522022220578956,0.7373337750222289,True,0.77,False,,False,0.8274088937421862,0.9169664027175052,1.0358229425655783,-0.0012392843053239096
f2_direct_bypass_alpha0.5,f2_direct_bypass,350,350,89,True,0,0.6657142857142857,0.5223345190846187,0.5317692167424376,0.187863505016843,0.17167382485860094,0.35953732987544396,0.0972788815498557,0.28925860075745324,0.12094282904417329,0.23887859274968296,0.2809939165138065,0.445635670226696,0.624064522987535,0.5327891304672516,0.7208962593581285,True,0.795,False,,False,0.8223563828393553,0.9042226711386738,0.9712054951989103,0.08828822465022845
f2_direct_bypass_alpha0.5,f2_direct_bypass,350,350,90,True,0,0.6571428571428571,0.4537837195067611,0.559028213030057,0.13066014895687428,0.20195587950756,0.3326160284644343,0.024512442418770458,0.22955133490944854,0.14304728583603263,0.27208567925510696,0.24518584031182522,0.4169069330026811,0.6304464997126041,0.522653454248762,0.7293723105765353,True,0.935,False,,False,0.7577920964544437,1.028568476254247,1.0717814347694625,-0.10163941230847078
f2_direct_bypass_alpha0.5,f2_direct_bypass,350,350,91,True,0,0.6485714285714286,0.5215350282314247,0.5625231198964719,0.15119834123944448,0.18536352502803577,0.33656186626748025,0.06969112682840697,0.2619446509012608,0.13204936595096659,0.24225625859579597,0.2526920330455231,0.41785590626894825,0.69149144818219,0.6107152019898879,0.7586778210326451,True,0.855,False,,False,0.9254224058350229,0.8610850763983675,1.0343756693586488,0.09591303942353649
f2_direct_bypass_alpha0.5,f2_direct_bypass,350,350,92,True,0,0.7057142857142857,0.4204561081831433,0.5749527959388925,0.12894713261456414,0.17399923641316406,0.3029463690277282,0.02063613359361441,0.23130717682681004,0.12285742675376929,0.24347818270196733,0.21043373009736763,0.3744495510812205,0.6880595124948171,0.6037457795877367,0.7734634788560211,True,0.81,False,,False,0.9289251201362871,0.9148951515869886,1.020740968614663,0.007450955594494611
f2_direct_bypass_alpha0.5,f2_direct_bypass,350,350,93,True,0,0.7314285714285714,0.5576113088620144,0.5230916602540202,0.09458397585801548,0.17786327762761756,0.27244725348563303,0.004354063201514108,0.20538007544985473,0.12347217983563995,0.23533479725006928,0.18311322015988735,0.3608888248370629,0.6770174254915401,0.5794791430096783,0.7560552446819315,True,0.79,False,,False,0.8746491057509455,0.9375012205201255,1.0517382211667894,0.03796777520228777
f2_direct_bypass_alpha0.5,f2_direct_bypass,350,350,94,True,0,0.6628571428571428,0.46854144549362786,0.5726807541461288,0.08933780067156716,0.20875232320921822,0.2980901238807854,-0.01764895501971624,0.17623186775034524,0.1468391531164187,0.25765127010532873,0.1976096546307748,0.3898325786135981,0.6925077880159071,0.5965417805320761,0.7751686310204673,True,0.97,True,0.045,False,0.9139957365457136,0.9491401022198155,1.0502630674591462,0.002106880974175524
f2_direct_bypass_alpha0.5,f2_direct_bypass,350,350,95,True,0,0.7542857142857143,0.6887429249195316,0.4936456665567997,0.04943048043655651,0.17610135516746295,0.22553183560401946,-0.04166880035878635,0.16071035314687784,0.12266302286625597,0.23321157246555346,0.14558779184025678,0.3128835749149206,0.6220902721581175,0.5345722528779415,0.7111634134035434,True,0.85,False,,False,0.8016237472220757,0.96422375983499,0.9911771703067439,0.19284604188058144
f2_direct_bypass_alpha0.5,f2_direct_bypass,350,350,96,True,0,0.6771428571428572,0.576499577188554,0.5441462873811819,0.21989980614123394,0.1412979208474744,0.36119772698870833,0.12934478592250215,0.32761734782394347,0.08421185737898834,0.20445364684332315,0.268721536891995,0.4685100117113266,0.655203262237748,0.5775261543718865,0.7378878978331853,True,0.415,False,,False,0.8427747556781571,0.7836772693584926,1.029099321482174,0.19361501979031617
f2_direct_bypass_alpha0.5,f2_direct_bypass,350,350,97,True,0,0.6371428571428571,0.48191627916168833,0.584789002119112,0.04799637396156403,0.24257395843559804,0.29057033239716207,-0.04454605279316743,0.14596239653735066,0.18561411203049416,0.3049720056969446,0.1965739101592165,0.3843060616230565,0.6869362510604841,0.6025605495178006,0.7695418438613527,True,1.0,True,0.17,False,1.0133552427237265,0.9294776383337661,0.9328009733312,0.0251445056584067
f2_direct_bypass_alpha0.5,f2_direct_bypass,350,350,98,True,0,0.6342857142857142,0.4672264235552849,0.5803843624899255,0.19672610865000328,0.23051044544041344,0.4272365540904167,0.08447966893178581,0.28189308212942876,0.1702454581736493,0.3030433490121128,0.33259636276509613,0.49023500264547243,0.6730792491983147,0.5877104242186308,0.7615219622888795,True,0.995,True,0.12,False,0.9289096883414426,1.0760592261506639,0.9797453453806879,-0.04929565466739866
f2_direct_bypass_alpha0.5,f2_direct_bypass,350,350,99,True,0,0.6771428571428572,0.5721147776927304,0.5332253292911435,0.22007757669863293,0.1879907743992565,0.4080683510978894,0.12287656428089788,0.32869681415883584,0.12831491353601934,0.2439246220257288,0.333551572905351,0.497462305659685,0.6203265108829487,0.5143597031959173,0.7054681114025845,True,0.875,False,,False,0.8116094933446153,1.059492865851162,0.9744662857220169,0.02723544168935274
f2_direct_bypass_alpha1,f2_direct_bypass,350,350,0,True,0,0.7485714285714286,0.5394372982633372,0.542875172762155,0.2990829757759078,0.10933340450064033,0.40841638027654814,0.1939398442913179,0.39587135948160196,0.056874627813914246,0.1686735676830427,0.3236203752198153,0.48897697844217997,0.6419672911682865,0.5462188937885141,0.7225424612992254,True,0.085,False,,False,0.9085747785613841,0.8686871582726476,0.9215281816098398,0.07282819610545799
f2_direct_bypass_alpha1,f2_direct_bypass,350,350,1,True,0,0.6828571428571428,0.35413219757730313,0.5041607939577689,0.28680120612765597,0.11703941399998108,0.40384062012763705,0.1903235530846397,0.3643324674404093,0.07033223819844577,0.16747997457073513,0.3119235109304717,0.47157295009642947,0.6180322677863852,0.5168140543964308,0.7123071395492592,True,0.085,False,,False,0.8237149900355072,0.7368413919871963,0.9543930185068558,-0.0058674549393814505
f2_direct_bypass_alpha1,f2_direct_bypass,350,350,2,True,0,0.7657142857142857,0.5681083769150879,0.5030392615343442,0.22506651019273005,0.1200431089844588,0.34510961917718885,0.1224829069541241,0.3333346891548346,0.06728917389714968,0.17413951987481252,0.26282208753196096,0.43693774725137713,0.5859545868341532,0.42208264862725786,0.7041870752645427,True,0.145,False,,False,0.778978642577547,0.906425876473075,0.928258735660352,0.08122819183812188
f2_direct_bypass_alpha1,f2_direct_bypass,350,350,3,True,0,0.6714285714285714,0.4451004709284241,0.5679593732779663,0.22043545721163893,0.17428656359047012,0.39472202080210905,0.10256180878628388,0.3145806403463917,0.12956634652409557,0.23552606187920533,0.30801546871364255,0.48289541658065926,0.664000492006854,0.582520843898224,0.7487403955871322,True,0.845,False,,False,0.9087057110085379,0.9088817047111076,0.9772351907591628,-0.009340553090698535
f2_direct_bypass_alpha1,f2_direct_bypass,350,350,4,True,0,0.72,0.4291729659801914,0.5014100583621011,0.30546793977673237,0.10224445521419201,0.4077123949909244,0.21967563039037769,0.4178128720708418,0.04930421654206775,0.16007456585040133,0.33886525757105346,0.49499679556350695,0.5639321334300679,0.431412638613181,0.6757268769640843,True,0.045,False,,False,0.7180919534588536,0.9150074521278053,0.9509567982736755,-0.004802616625842224
f2_direct_bypass_alpha1,f2_direct_bypass,350,350,5,True,0,0.6885714285714286,0.6086320133661535,0.5820977903191856,0.28229191840034856,0.16998883371768891,0.4522807521180375,0.1953484932937414,0.3843380352888795,0.11127898159620916,0.23828316982870154,0.3709576040696507,0.5338739719970323,0.7273545386310275,0.6543203423785008,0.8108326727518199,True,0.77,False,,False,1.0196009082273667,1.0666181944626432,1.039503750280001,0.09360969420085781
f2_direct_bypass_alpha1,f2_direct_bypass,350,350,6,True,0,0.74,0.5469988408057758,0.568291898127733,0.254148563190021,0.1518862041472906,0.4060347673373116,0.15278795632380804,0.357562461644011,0.10182271187487026,0.2181679901273411,0.32148367928651184,0.5027210063013539,0.633850192355773,0.516679135850063,0.7326537667525487,True,0.555,False,,False,0.8693206859157163,1.036473484129363,0.9426947544925045,-0.021580878971378503
f2_direct_bypass_alpha1,f2_direct_bypass,350,350,7,True,0,0.7371428571428571,0.5131596981333832,0.48677510007120134,0.26741656893358534,0.10459403384784305,0.3720106027814284,0.15587186016036245,0.359452828899793,0.05162412474795577,0.17095561895607672,0.2865716375944488,0.4463878201383716,0.5714381571806081,0.4473110524953024,0.7017505931795645,True,0.08,False,,False,0.7145848972984178,0.9389083065994815,0.974451000395305,0.07053118145894452
f2_direct_bypass_alpha1,f2_direct_bypass,350,350,8,True,0,0.7114285714285714,0.4772113815330949,0.5529899768653964,0.22884113138864193,0.16776409881175602,0.39660523020039795,0.1437201453338188,0.3226315640944042,0.10599028875345459,0.2221362097659968,0.307102807077772,0.47831062073736386,0.6258821295550305,0.482956150595909,0.7578876882809219,True,0.62,False,,False,0.7633906938511562,1.1323933628822334,1.05122803526169,-0.10193081892114453
f2_direct_bypass_alpha1,f2_direct_bypass,350,350,9,True,0,0.7114285714285714,0.5770266543904139,0.6016575636156573,0.3487211495478453,0.1508671369685909,0.49958828651643616,0.25876201798441467,0.4492081591358295,0.08480518949876421,0.2170662631291014,0.41397132299092626,0.5760127552991781,0.6638200268681679,0.5420025192592589,0.7556007094483596,True,0.455,False,,False,0.8976223012739076,1.169828090026168,0.9888208693139421,-0.04799573448364032
f2_direct_bypass_alpha1,f2_direct_bypass,350,350,10,True,0,0.7,0.5277093848704462,0.5516711317546777,0.3401554018813265,0.1127652448659624,0.4529206467472889,0.24935465020401168,0.42838500448893246,0.05578627359234207,0.16923035727284857,0.3700263147776291,0.5227324170739462,0.6720571423191206,0.5832907205925892,0.7616047101920781,True,0.095,False,,False,0.8744536711067505,1.0053775279225496,1.0378742797908669,0.06523465856897753
f2_direct_bypass_alpha1,f2_direct_bypass,350,350,11,True,0,0.7171428571428572,0.4676219773797243,0.5743798106633604,0.25653349933083064,0.16331618779753254,0.4198496871283632,0.14511652096681163,0.37156739798500166,0.09675102164982008,0.2198957590718221,0.3330509060381543,0.4898120991337051,0.6909699955590142,0.5725666031339764,0.7797716710644602,True,0.565,False,,False,0.9207069240465972,1.0547806335583763,1.0381724625401978,-0.07182294000590324
f2_direct_bypass_alpha1,f2_direct_bypass,350,350,12,True,0,0.7142857142857143,0.5193535520210784,0.5380780243114539,0.2394466199171238,0.13169449414901035,0.37114111406613415,0.13543716354337607,0.33201852870378223,0.09067957789651536,0.1862491547057666,0.28023497617534243,0.4498491084409564,0.6296890996089038,0.5465560766259103,0.7365559593675596,True,0.23,False,,False,0.8381863554582482,0.8373492275580732,0.9670522955912964,0.09589408551313851
f2_direct_bypass_alpha1,f2_direct_bypass,350,350,13,True,0,0.6942857142857143,0.46803524244509154,0.5412927112795354,0.305238269439169,0.13325325756160278,0.43849152700077176,0.20877211068446064,0.4137586933139956,0.08257349936188525,0.18744895163200634,0.36031022177780936,0.527733313534353,0.5887876267886255,0.46882815581407916,0.6814855391353677,True,0.265,False,,False,0.7436829021992541,0.9833317714243737,0.9795009612741382,-0.015201959287331462
f2_direct_bypass_alpha1,f2_direct_bypass,350,350,14,True,0,0.7342857142857143,0.5177377001251781,0.5175558886958682,0.1780473470359547,0.1679283331700201,0.3459756802059748,0.08752222038217346,0.28632331941647343,0.11010640396139781,0.21944551793471193,0.26079056531629224,0.4285161138582769,0.5660122884504918,0.44899414237128327,0.6906375497462637,True,0.655,False,,False,0.6950931882219481,1.1622316710667935,0.9877488402936643,-0.07990316544357969
f2_direct_bypass_alpha1,f2_direct_bypass,350,350,15,True,0,0.7142857142857143,0.45539643721791856,0.5092650713672677,0.35479324406682733,0.08203280161492943,0.43682604568175676,0.2717698404165961,0.44719269698403125,0.034734507803549815,0.13001122720215488,0.37068109515401293,0.50080994127932,0.5689720514616389,0.4369158969843421,0.6791197375582115,True,0.015,False,,False,0.7149447260213723,0.9575664837661386,0.9677387863422645,0.028601398223674458
f2_direct_bypass_alpha1,f2_direct_bypass,350,350,16,True,0,0.6885714285714286,0.5239663829684491,0.5444668181679011,0.339923596993668,0.13387581756002187,0.47379941455368985,0.24570989862207168,0.4313487328665325,0.08933394590398619,0.1964943610893085,0.3964526414076492,0.5619880259385182,0.6500984625997547,0.5557900400931719,0.7354026233991137,True,0.26,False,,False,0.8403460389485129,0.9953164953639009,1.0181063038393519,0.020622528768869042
f2_direct_bypass_alpha1,f2_direct_bypass,350,350,17,True,0,0.7314285714285714,0.5336275941162093,0.541783211385174,0.2190520353931088,0.14660124951255127,0.36565328490566007,0.12358905779121639,0.31944199410531054,0.09303070105787739,0.20855441956198356,0.2824852191680303,0.43438608769164094,0.6521525437300953,0.5521023366525857,0.7413112359103322,True,0.41,False,,False,0.8414761190605288,1.0000398911126458,1.022322477755938,0.013597533155170718
f2_direct_bypass_alpha1,f2_direct_bypass,350,350,18,True,0,0.6971428571428572,0.5120779002150426,0.5377833315776245,0.3844260231667849,0.10940067955460442,0.49382670272138934,0.2640234203167593,0.48880949164990284,0.061830793285479045,0.17128553963867613,0.40495020361430395,0.5751961109199647,0.5976585258855294,0.4885228560892389,0.7075810291474238,True,0.115,False,,False,0.7164483776953929,1.027527146081744,1.0404682534125793,-0.0046214044755166685
f2_direct_bypass_alpha1,f2_direct_bypass,350,350,19,True,0,0.7114285714285714,0.5504678579518187,0.5202394936607674,0.3473127102616088,0.11220218035327112,0.45951489061487993,0.24637036072919397,0.4444002070965786,0.06356474816623515,0.1590453785915932,0.3796308600484059,0.540957825188254,0.5902112906958418,0.4776884307310025,0.6983491931702267,True,0.085,False,,False,0.6854353995936399,0.9733281772705172,1.0666785767200737,0.022089704576394996
f2_direct_bypass_alpha1,f2_direct_bypass,350,350,20,True,0,0.6971428571428572,0.49759344302387043,0.5321762967930296,0.38052864966688604,0.11782961628543132,0.49835826595231736,0.2816903692380441,0.46491189914709263,0.0679283597699925,0.18369075003339114,0.41781294109117056,0.5723716689616739,0.5253141129517727,0.4110657186831643,0.6267468760899771,True,0.18,False,,False,0.6443235789392544,1.111783714784714,0.9581472110435194,-0.08367793533453768
f2_direct_bypass_alpha1,f2_direct_bypass,350,350,21,True,0,0.7257142857142858,0.6227711547144327,0.5684330277598646,0.2820105562159525,0.14471518165477948,0.426725737870732,0.19181689969269444,0.3990482771348452,0.08647498766738346,0.205949458321008,0.34716103332571013,0.5133131739698937,0.6357531338128294,0.5255216918440573,0.7226183997256722,True,0.445,False,,False,0.8392709199407009,1.0607777131795262,0.9813626877292163,0.08025900490825615
f2_direct_bypass_alpha1,f2_direct_bypass,350,350,22,True,0,0.6971428571428572,0.5354299468514437,0.5938796764526226,0.3189560178433307,0.17167570309655888,0.4906317209398896,0.21068471381004458,0.436932486020224,0.1086387156753983,0.24109263126215272,0.4135980680485518,0.5752251238703867,0.6756280620757671,0.5782132442315846,0.7617189495177453,True,0.725,False,,False,0.944111790730385,1.2455342546923713,0.9706749185449495,-0.09089584979386289
f2_direct_bypass_alpha1,f2_direct_bypass,350,350,23,True,0,0.7314285714285714,0.4870601372248537,0.5307331692168231,0.20794681620755207,0.13994517584720356,0.3478919920547556,0.11247137862489434,0.2931357179700119,0.07702765803952161,0.20335466149460452,0.27695067259361245,0.40471936609645853,0.6434717190740753,0.5295832965440487,0.7476821173982205,True,0.315,False,,False,0.8383628199879969,1.0168308874867726,1.0026961426743222,0.03966721712970778
f2_direct_bypass_alpha1,f2_direct_bypass,350,350,24,True,0,0.7428571428571429,0.570224749982711,0.5393384791443154,0.2574067143248905,0.13682907313147274,0.39423578745636323,0.1645337339018547,0.36781543133827144,0.08767800000483213,0.2036512550814516,0.2996942770033921,0.4862281833296521,0.6275301315430368,0.5306288147610212,0.7456496838111085,True,0.3,False,,False,0.8061352607399972,0.9560685798731071,0.9998079237495016,0.02116824014765196
f2_direct_bypass_alpha1,f2_direct_bypass,350,350,25,True,0,0.6942857142857143,0.535083249867156,0.5861130171736462,0.3573226598133903,0.13266526726087136,0.48998792707426164,0.26356585769324803,0.47585030968188335,0.07069814691173251,0.2028424860353681,0.41249926669292464,0.5694970180377874,0.623410962176021,0.5168480995409978,0.7037298277625693,True,0.23,False,,False,0.804089041800386,1.1204694539386333,0.9915673478523387,-0.0027421158347059366
f2_direct_bypass_alpha1,f2_direct_bypass,350,350,26,True,0,0.6485714285714286,0.405618305586199,0.5693598662718634,0.21060593817224038,0.1795961332988676,0.39020207147110797,0.10416314558718592,0.33222310537097055,0.12536686754521628,0.2256174063496098,0.29621806574589493,0.48651150497178314,0.6502656364526707,0.5512121719077244,0.7317159859884784,True,0.81,False,,False,0.8618955998020633,0.9286250413619407,0.993093316595546,-0.016242778741195684
f2_direct_bypass_alpha1,f2_direct_bypass,350,350,27,True,0,0.6742857142857143,0.5289913794842115,0.5721612140124004,0.2672712502767179,0.17483170348346677,0.44210295376018466,0.16260561943296656,0.35355636700344156,0.1279896695732815,0.23863302712076284,0.3590504288274471,0.5164694516818606,0.638150608225378,0.5561001524558921,0.7255615964168481,True,0.79,False,,False,0.853494693753388,1.0303888075722898,0.97113928976356,0.03146127231815447
f2_direct_bypass_alpha1,f2_direct_bypass,350,350,28,True,0,0.66,0.4566794983719122,0.5804372211116051,0.3178414338764904,0.15232490183463265,0.47016633571112304,0.21032975100387083,0.4061826731410299,0.09899128489975838,0.20816942938615599,0.38050778642887423,0.5573430733248912,0.6574509223450243,0.551693397017957,0.7459277654399816,True,0.525,False,,False,0.8258445178582198,1.039891903326287,1.0565335893845664,-0.03058413553279252
f2_direct_bypass_alpha1,f2_direct_bypass,350,350,29,True,0,0.7142857142857143,0.4827806611715388,0.4998757799430719,0.27720648628295197,0.1273807572721295,0.40458724355508147,0.18983545063873122,0.3831182154270569,0.08107408196257511,0.1855285517182295,0.32116547553833086,0.48718089311936724,0.568683877104053,0.46234071821862893,0.6612299720535472,True,0.2,False,,False,0.6870832506947219,0.9968882812204417,1.0062270570345233,-0.02989832396181265
f2_direct_bypass_alpha1,f2_direct_bypass,350,350,30,True,0,0.7485714285714286,0.4870609416373499,0.6025765551690943,0.19292286742273335,0.18571470892937936,0.3786375763521127,0.10907359983559031,0.313394077806328,0.11102005848822104,0.2516858063796036,0.29107757877084994,0.4613832206143403,0.732091508999943,0.6554703657761771,0.8117981969393333,True,0.835,False,,False,1.1488387411911254,1.0004434644978348,0.9354652126007923,-0.0474617249452308
f2_direct_bypass_alpha1,f2_direct_bypass,350,350,31,True,0,0.7085714285714285,0.5645160759993462,0.5456916109791782,0.3134552067686475,0.1387214497475715,0.452176656516219,0.2175152421986831,0.44450862890620335,0.07781894301218246,0.20674091517225726,0.3789007759613365,0.5516773488981652,0.5950162539403154,0.47844405683792507,0.7095134449904735,True,0.34,False,,False,0.7473586562071992,1.1114718368951182,0.9906001906012472,-0.0007464266905590513
f2_direct_bypass_alpha1,f2_direct_bypass,350,350,32,True,0,0.7228571428571429,0.5181873260071529,0.5180088600491137,0.22211885300732104,0.12711794247868236,0.3492367954860034,0.11925923292592759,0.32802022267439185,0.0855006475237376,0.17985638676674426,0.2703420829845984,0.4256423747350351,0.6166736363668236,0.5177211077443049,0.7105332056491538,True,0.165,False,,False,0.7685058450735561,0.8744267745802039,1.0193250200680688,0.08097640761008233
f2_direct_bypass_alpha1,f2_direct_bypass,350,350,33,True,0,0.7142857142857143,0.482975193451197,0.5522231651985068,0.27159133348897124,0.11097689643492847,0.3825682299238997,0.18639185680223713,0.36683792702337986,0.06960660258502233,0.14963020240770797,0.27715532974039464,0.4743530671842847,0.6842620727394694,0.5921481575765866,0.7730800137340783,True,0.02,False,,False,0.9236958642366296,0.7732702243889537,1.015839879373698,0.11622415827127199
f2_direct_bypass_alpha1,f2_direct_bypass,350,350,34,True,0,0.7114285714285714,0.5143303086357082,0.5313678219327665,0.2678305282506678,0.12799194666114788,0.39582247491181566,0.16714456312457998,0.3495320166191945,0.08116684777954843,0.18270905139675317,0.31962146495292976,0.46442232478181045,0.6395818123386232,0.5376706805511757,0.7516443468182843,True,0.175,False,,False,0.8010426521351283,0.9198035609406341,1.0386532131092259,0.05705657050785681
f2_direct_bypass_alpha1,f2_direct_bypass,350,350,35,True,0,0.7,0.534347372868844,0.5833211219835321,0.27457934640494724,0.16193680470674798,0.4365161511116952,0.155342781426116,0.38057225045245485,0.09465639366823055,0.23142926370237282,0.34815946172624007,0.5214611414399909,0.6569421459031197,0.5454139766039658,0.7382038092342086,True,0.635,False,,False,0.8390752435945431,1.1405006001617173,1.0384578206578023,-0.022863260214935344
f2_direct_bypass_alpha1,f2_direct_bypass,350,350,36,True,0,0.7114285714285714,0.4581357273269535,0.4638396341222411,0.35424062086510977,0.06565994259056596,0.4199005634556757,0.26293761331081444,0.44374439405216015,0.03523846542435542,0.10762564420587283,0.348499322860179,0.4932814794680764,0.5406565723371209,0.442776753126216,0.6534499099726928,True,0.0,False,,False,0.627841167545934,0.67727836963165,1.023646542445695,0.1272368348731375
f2_direct_bypass_alpha1,f2_direct_bypass,350,350,37,True,0,0.7114285714285714,0.5657726012541715,0.5951366604824158,0.27213793337192327,0.17152956982778222,0.4436675031997055,0.16286613185111154,0.39329476335021246,0.1144375896974372,0.22555348431131697,0.3571167564519152,0.5233810267892489,0.6911724905309176,0.6002895797692317,0.7692157087899162,True,0.75,False,,False,0.9889761831404299,1.1073948024879936,0.9670494208225524,0.01207711445507828
f2_direct_bypass_alpha1,f2_direct_bypass,350,350,38,True,0,0.7371428571428571,0.4962279658928008,0.5897187995043222,0.2357025296511024,0.1695826853981084,0.4052852150492108,0.14099076709472538,0.33419984069142733,0.09788383984475735,0.2411450428706215,0.32686527564619305,0.4852344433083501,0.7304259034702973,0.6451715178072323,0.8216189954676074,True,0.7,False,,False,1.1126621304067703,1.0540113653252094,0.9611635137063508,-0.015721220166364357
f2_direct_bypass_alpha1,f2_direct_bypass,350,350,39,True,0,0.74,0.5958062064233487,0.5361579998109134,0.1706558700461378,0.14896651403963213,0.31962238408576993,0.06427497866458622,0.27277081988818525,0.105572012883706,0.20290648181280235,0.23730895633086915,0.40240752636026866,0.671515898498638,0.5852240555834645,0.757063494961224,True,0.485,False,,False,0.8798137081374842,0.8846746494322061,1.0300377505445706,0.12060953758547799
f2_direct_bypass_alpha1,f2_direct_bypass,350,350,40,True,0,0.7114285714285714,0.47956099297221727,0.5679776065828377,0.24536119963824665,0.1537718397135195,0.39913303935176614,0.14103780635405597,0.33639201773114696,0.1018549830423317,0.21645818579017223,0.3211155507050615,0.4673331364298166,0.6904020351329989,0.581754018149134,0.7850925157443158,True,0.56,False,,False,0.9753844625750762,0.9844508584063149,0.9784354461170663,0.021087399118533776
f2_direct_bypass_alpha1,f2_direct_bypass,350,350,41,True,0,0.7,0.4220280644240448,0.5911821828572723,0.31936511984320715,0.13938743471480974,0.4587525545580169,0.23565224533114693,0.4337109958871516,0.09179225451491525,0.1977377279093278,0.3673233114729041,0.5466525089176119,0.712421784018602,0.6285112973886104,0.7899576596428114,True,0.285,False,,False,0.9842450959507282,0.9045366673965984,1.0314556673823105,-0.048331002622186425
f2_direct_bypass_alpha1,f2_direct_bypass,350,350,42,True,0,0.72,0.5132988014496779,0.46754526239169497,0.27291190311461566,0.10898725537344567,0.38189915848806133,0.15557736876931808,0.37519943714339227,0.06195838427687157,0.1634622877139909,0.29827069821054203,0.4609065951521435,0.505521713706798,0.394549837506636,0.6290635573309573,True,0.07,False,,False,0.6317412534208441,0.9279602754609272,0.9274349377435535,0.054623183740406096
f2_direct_bypass_alpha1,f2_direct_bypass,350,350,43,True,0,0.7171428571428572,0.5368760254800412,0.5627022600361256,0.29179874003430506,0.1365488377702826,0.42834757780458765,0.20129012024497978,0.3902359784898586,0.07161755916363498,0.19819876920383264,0.3485180136911102,0.5057488947034726,0.7317617314552607,0.6495880578613008,0.8144091012073406,True,0.29,False,,False,1.0642976104222845,1.0553770422077837,1.0087932529033472,0.054407443578507166
f2_direct_bypass_alpha1,f2_direct_bypass,350,350,44,True,0,0.7114285714285714,0.44113022088554527,0.583191052232899,0.34250860273309985,0.12746839696521994,0.4699769996983198,0.23775060266912762,0.45136715059776894,0.0715070238614181,0.2008632217263646,0.3918057816097555,0.5615618573450087,0.6690066426723832,0.5704724796371082,0.7757436158467428,True,0.285,False,,False,0.8779786804926832,1.098135945852665,1.0251980892196433,-0.10166285771647171
f2_direct_bypass_alpha1,f2_direct_bypass,350,350,45,True,0,0.7028571428571428,0.441184319060825,0.580341163454172,0.19679731652852872,0.1860411656074883,0.382838482136017,0.10365165953659759,0.2824405062461751,0.1350606709288928,0.26283976643155516,0.3015016115316612,0.4628066939101822,0.7040869189411243,0.6360681373382594,0.7799117426645938,True,0.875,False,,False,1.0103576357989656,1.0024553694316112,0.9813483451229918,-0.0285372256473715
f2_direct_bypass_alpha1,f2_direct_bypass,350,350,46,True,0,0.7142857142857143,0.5293798474757815,0.5916381998711607,0.2653552392959461,0.17355316583866987,0.438908405134616,0.15421597417554622,0.367846726358731,0.10790434660582512,0.24117414721383001,0.3462287303818573,0.5207055485174339,0.6457547070524033,0.5445496487170487,0.7296085469589,True,0.68,False,,False,0.8739142811077927,1.1063843962058542,0.9677521548300282,-0.06490662750486469
f2_direct_bypass_alpha1,f2_direct_bypass,350,350,47,True,0,0.7228571428571429,0.46076632167372006,0.527121427973621,0.20213708039613432,0.1317007522917264,0.3338378326878607,0.1070774228962435,0.300393794419513,0.08233250604288608,0.18288160025639708,0.24132760806437273,0.43250065340721394,0.6427478094413613,0.5274077839125274,0.7367726479334064,True,0.235,False,,False,0.8311411599908108,0.8195958404570667,1.0094688370027878,0.0416184624389414
f2_direct_bypass_alpha1,f2_direct_bypass,350,350,48,True,0,0.6885714285714286,0.46825004137376336,0.5818274573175263,0.26611002919590715,0.15146796801230367,0.4175779972082108,0.17387001586980075,0.3524479706069186,0.10474309926654371,0.21475165333742802,0.3421420080507116,0.4965561482497588,0.7044824275736957,0.6287650347009054,0.777803054612961,True,0.495,False,,False,0.9162571893513387,0.9330950294515037,1.0833401774106446,0.015032722476389659
f2_direct_bypass_alpha1,f2_direct_bypass,350,350,49,True,0,0.7514285714285714,0.47821628072970684,0.5224389413063422,0.3172488440758534,0.0993590990125357,0.4166079430883891,0.21189029325146183,0.42267625024627303,0.05675964607169082,0.15487719894503665,0.33711839963411794,0.5083066228142933,0.5542609560959728,0.4403378874751198,0.6678364845177165,True,0.05,False,,False,0.6765347371394809,1.0361285739851493,0.9842872933660706,-0.06064559524445593
f2_direct_bypass_alpha1,f2_direct_bypass,350,350,50,True,0,0.6857142857142857,0.5358566235542571,0.5426902736902308,0.23719246725954468,0.15672977611636907,0.39392224337591375,0.14463685483319946,0.3500359707618807,0.09265374346297264,0.22652831808756724,0.3133515760970761,0.48331919314554944,0.6351887108263742,0.5422522123075832,0.7189820793398358,True,0.515,False,,False,0.8672923348110155,0.900409960185221,0.948242001404498,0.09851163507192498
f2_direct_bypass_alpha1,f2_direct_bypass,350,350,51,True,0,0.7571428571428571,0.5149144363738823,0.5328743984091837,0.23084731608592057,0.14214628762525772,0.3729936037111783,0.11745482645579708,0.33506992665974533,0.0914766703017646,0.1991999470175363,0.28155843584819873,0.4456024202769373,0.6327307255768028,0.5208162514177712,0.7419906868780228,True,0.36,False,,False,0.883332600520206,0.9790105750182094,0.9250071382849703,-0.016550300126551055
f2_direct_bypass_alpha1,f2_direct_bypass,350,350,52,True,0,0.7428571428571429,0.4343718633405237,0.5615529846903172,0.13746432419907417,0.1937772909308485,0.3312416151299227,0.038194549182040106,0.24591012176497376,0.13038450969451515,0.26846649012115054,0.25651860607634897,0.412535474789588,0.6912723005211523,0.597179618268493,0.7617365980486174,True,0.88,False,,False,1.0083287746848633,1.045258835766338,0.9487513954576215,-0.08527100437509554
f2_direct_bypass_alpha1,f2_direct_bypass,350,350,53,True,0,0.7371428571428571,0.5436019936974557,0.5678225907750167,0.23040891514771922,0.1635997062484833,0.3940086213962025,0.13725678881225542,0.33903365756237314,0.11342735549402796,0.22723417173479762,0.30686398361475037,0.47019659456356383,0.6710517563193839,0.6050343462953117,0.747546940927354,True,0.715,False,,False,0.8836330693989048,1.0746584299556947,1.0242956305164008,-0.027502697362348942
f2_direct_bypass_alpha1,f2_direct_bypass,350,350,54,True,0,0.7485714285714286,0.5654260016009335,0.4975192741888392,0.26322349771738707,0.07839062443146994,0.341614122148857,0.17433201762917427,0.3521999328548978,0.0444663993043154,0.12159308434837748,0.2562843814621702,0.42534570639622965,0.6006288041198249,0.493489152018,0.6989710776894117,True,0.0,False,,False,0.7427966878979095,0.6918706817411558,1.0113524100444629,0.21946899613350596
f2_direct_bypass_alpha1,f2_direct_bypass,350,350,55,True,0,0.7114285714285714,0.46179133499861375,0.5320482873891997,0.2548337787271252,0.13973581898438348,0.3945695977115087,0.1624409879844188,0.34530088302195944,0.09241340002942076,0.19219065733983265,0.32665319874438364,0.4779788694936456,0.6668561214943557,0.5598754602570915,0.7589592319730906,True,0.345,False,,False,0.8717815497567061,0.9428712115887735,1.0265012742369632,-0.0015625606456745956
f2_direct_bypass_alpha1,f2_direct_bypass,350,350,56,True,0,0.7285714285714285,0.6259709027574755,0.5255498857080516,0.30561668661211727,0.12525335491098089,0.43087004152309816,0.19182091170033522,0.4201318308515144,0.07812311542910849,0.1742120595639787,0.34235304177318077,0.5309096259450997,0.580077903553296,0.46345323099254226,0.7058629177923602,True,0.195,False,,False,0.7258766079629636,1.0278854580216656,0.9810698009839978,0.0679741736982567
f2_direct_bypass_alpha1,f2_direct_bypass,350,350,57,True,0,0.74,0.4439111002582572,0.5184696810085846,0.2846223980063066,0.10177699548443797,0.3863993934907446,0.1828677181128001,0.3788823441188052,0.052625984520164364,0.18221851302919925,0.3030671851796055,0.4732218382478447,0.6240994519031182,0.4756405996739624,0.7494669554040593,True,0.075,False,,False,0.8099863289170779,0.8783794159677363,0.9861280741930901,0.009740787679447995
f2_direct_bypass_alpha1,f2_direct_bypass,350,350,58,True,0,0.7085714285714285,0.5181731800980345,0.5386033125578035,0.30819616430523167,0.1468477235324499,0.45504388783768157,0.19519759154618513,0.40711193352198366,0.08668075128183453,0.20606143360094514,0.3753630214085944,0.5306114166188388,0.5764604942553178,0.4804263900888926,0.6858711994065233,True,0.425,False,,False,0.746943139152949,1.1642936690715975,0.9444815933960502,-0.07395322715877678
f2_direct_bypass_alpha1,f2_direct_bypass,350,350,59,True,0,0.7257142857142858,0.6231158167014829,0.5442254536560257,0.23928455710104324,0.15512550554931837,0.3944100626503616,0.14509678352158584,0.35023819437166376,0.1004403795326211,0.21188393806462735,0.31251644776385457,0.4886786305342172,0.5878556671809931,0.4935195635642703,0.6933985956142119,True,0.585,False,,False,0.759141016426968,1.0933500676685253,0.9572339084560477,0.05769750095630311
f2_direct_bypass_alpha1,f2_direct_bypass,350,350,60,True,0,0.7028571428571428,0.49644462761591,0.5510023242887074,0.2948583124922139,0.13670326397269916,0.43156157646491305,0.2131965514079801,0.386970267940405,0.0861822964656149,0.2011075336622885,0.35042794869604527,0.5059854148905227,0.6420941910356349,0.548737488651195,0.7261256886958957,True,0.295,False,,False,0.8344317387125851,0.9893070388437653,1.0037476007993744,0.015927943564484886
f2_direct_bypass_alpha1,f2_direct_bypass,350,350,61,True,0,0.68,0.49464489068668044,0.5634919476778889,0.32914939422507916,0.1377289743969995,0.46687836862207865,0.23393042500727393,0.43474666864192685,0.08668477243581985,0.189599616698396,0.37422030743877205,0.5468582863640887,0.6770753116439253,0.5724226053721925,0.7838805524022531,True,0.315,False,,False,0.9407748899763454,0.9419313803554361,0.9779673450558232,0.037134898711313494
f2_direct_bypass_alpha1,f2_direct_bypass,350,350,62,True,0,0.7314285714285714,0.5772186277543233,0.47608594555451983,0.33852076458030667,0.0732348722961107,0.41175563687641736,0.25798132124372203,0.4220968758177751,0.0355365325722104,0.1176644790004517,0.34117509317591,0.4987959933376596,0.5995807250679611,0.4867111993778974,0.7133040678180459,True,0.0,False,,False,0.727837891325597,0.8172663814742408,1.0293247919274875,0.18726570944238816
f2_direct_bypass_alpha1,f2_direct_bypass,350,350,63,True,0,0.7514285714285714,0.5187459723016087,0.5083171063897145,0.24988833731604154,0.11021392492662785,0.3601022622426694,0.15083048344183234,0.35484573931752794,0.061492442528063684,0.1621063713585718,0.28954641092880523,0.4342597366141172,0.5851302319607917,0.48114702989578645,0.6817885640011779,True,0.055,False,,False,0.7276244080925659,0.9911584984538382,0.9916465599490635,0.040158011619612466
f2_direct_bypass_alpha1,f2_direct_bypass,350,350,64,True,0,0.7314285714285714,0.6155980309738548,0.5341998952861029,0.250144495540391,0.15364481342201075,0.4037893089624017,0.15839184131047424,0.35292418787491703,0.09220848323212437,0.21602162220607782,0.31571449120104367,0.47400343337895007,0.6473550872793863,0.5473861847540644,0.7398930798579575,True,0.53,False,,False,0.8225586937528642,1.1649181058111584,1.0325551239911273,0.033138978068275496
f2_direct_bypass_alpha1,f2_direct_bypass,350,350,65,True,0,0.6828571428571428,0.5023189791384993,0.48484290170669697,0.2971310052672486,0.12021507951280896,0.4173460847800576,0.19244006170543992,0.38527343696786,0.07542197054197868,0.16975203320170218,0.3323916647708826,0.49154106635473643,0.5174389330865606,0.385098509119805,0.6262836168326876,True,0.13,False,,False,0.6099463777037395,1.0042836893528548,0.9913698228662375,0.028870903112305737
f2_direct_bypass_alpha1,f2_direct_bypass,350,350,66,True,0,0.7142857142857143,0.5289572917918514,0.5867296635937923,0.2686712219927539,0.17440668262591763,0.4430779046186715,0.1662808520476167,0.3709822838480543,0.1123653136926074,0.2490161313413304,0.37180881000452637,0.5179151183143562,0.732301745744303,0.6502518888115553,0.806209860627101,True,0.725,False,,False,0.9708005977055212,1.203254476495924,1.1077085129839364,-0.07266994645611077
f2_direct_bypass_alpha1,f2_direct_bypass,350,350,67,True,0,0.6914285714285714,0.4354691962718472,0.5368955005541669,0.3007686705322218,0.13636594951542058,0.43713462004764236,0.2011408167227554,0.40056967208098393,0.08758336588663178,0.1964378096474416,0.35062627743793595,0.5196560778574575,0.6078998049926929,0.49998556651340004,0.6941537510595832,True,0.325,False,,False,0.7975193189360212,0.9406508043834773,0.9599812961926171,-0.02411587432211126
f2_direct_bypass_alpha1,f2_direct_bypass,350,350,68,True,0,0.7142857142857143,0.5194896186394802,0.6421119150064325,0.2566244173971237,0.14091191836956973,0.39753633576669345,0.16532044261839546,0.3442782743570887,0.09205522967254369,0.19232341780893,0.3101574611443665,0.4814841408684087,0.7654646051034881,0.6847366858518166,0.8468241878109702,True,0.4,False,,False,1.1447429530761546,0.8144716143930196,1.0391624156339179,0.0982944193016505
f2_direct_bypass_alpha1,f2_direct_bypass,350,350,69,True,0,0.7057142857142857,0.5276004259789082,0.5219311805842162,0.24883112760392445,0.14481865480396316,0.3936497824078876,0.1551441283781265,0.34746496554003387,0.08876769576517861,0.20743074528397148,0.31662204517211096,0.4748740640939025,0.6448855217383055,0.5449363921374973,0.720785688998965,True,0.425,False,,False,0.8203210077505977,0.9878864092677914,1.028600579278295,0.04778678830214481
f2_direct_bypass_alpha1,f2_direct_bypass,350,350,70,True,0,0.7285714285714285,0.6169663498842616,0.5617901890467063,0.24551958973132293,0.1285722658526396,0.3740918555839625,0.1603358718096243,0.332206591444182,0.077932033596355,0.1753924001047809,0.2951779354421304,0.456848998099752,0.7059121374088637,0.6198358972434234,0.7960215451965637,True,0.22,False,,False,0.9298828743036314,0.8388702408154018,1.0717796820281749,0.17595937877302403
f2_direct_bypass_alpha1,f2_direct_bypass,350,350,71,True,0,0.6714285714285714,0.4156624837530082,0.5037799912778786,0.359853869777102,0.11242059087445666,0.47227446065155865,0.2627365217340729,0.43738262060063315,0.07099553009726986,0.16528674114391836,0.3842487624217547,0.5311202839302243,0.5264744309584878,0.4099256273175636,0.6576961402930523,True,0.075,False,,False,0.6392664311696651,0.9851778557862308,0.9686768032928638,-0.05157262298138325
f2_direct_bypass_alpha1,f2_direct_bypass,350,350,72,True,0,0.6628571428571428,0.42056223212022703,0.5296379281450304,0.2875227492369419,0.1568001205972802,0.4443228698342221,0.16854046346844892,0.41673404703759975,0.09747867476471923,0.22823245991986835,0.3598861015911268,0.5286308258120912,0.5429413683026459,0.44289204097010204,0.6551570911943232,True,0.545,False,,False,0.6663824465131485,1.1054883476593482,0.9702166320970534,-0.10373591528755222
f2_direct_bypass_alpha1,f2_direct_bypass,350,350,73,True,0,0.7171428571428572,0.5635688785959648,0.576078079234229,0.229155720098575,0.15907743524960527,0.38823315534818026,0.1303654429960087,0.33470583166604767,0.09928584367808763,0.21803394389594838,0.3157372506148592,0.4616439432263965,0.6436421389091364,0.5381560129632361,0.7358073364320973,True,0.605,False,,False,0.8700625369087451,0.9781576078721872,0.9666008993433466,0.06890060261488731
f2_direct_bypass_alpha1,f2_direct_bypass,350,350,74,True,0,0.7028571428571428,0.4990494161173359,0.5713967376251359,0.28394217749932604,0.14571861229882788,0.4296607897981539,0.1989881475272806,0.37850430308465854,0.10130575861109008,0.22179111574586402,0.3565411087084508,0.5105963770689471,0.6868264194951011,0.609782168356244,0.7665331835175908,True,0.415,False,,False,0.9511378368969591,0.9993108754156402,0.9935180869795331,0.03080086057992882
f2_direct_bypass_alpha1,f2_direct_bypass,350,350,75,True,0,0.6428571428571429,0.3421650916199033,0.5728781968415825,0.34016357937236924,0.15249603244914345,0.4926596118215127,0.24099393811641256,0.4526739512727336,0.08371530395964052,0.21139600215629756,0.4151496255348956,0.56915204573075,0.6599450977664383,0.5545984881078101,0.7401166338394564,True,0.5,False,,False,0.9392243957152324,1.0172154403055043,0.9352270519702618,-0.09087805296729706
f2_direct_bypass_alpha1,f2_direct_bypass,350,350,76,True,0,0.7428571428571429,0.5524427560202616,0.513988676708263,0.28915892211746075,0.1038787034667984,0.39303762558425914,0.2068307204424224,0.39574421966237255,0.054543403914648445,0.1461220671876803,0.321322576147177,0.46574324531884576,0.6225981515761629,0.5102813432878662,0.7284778513823612,True,0.015,False,,False,0.8667605950982298,0.8805068804455186,0.9179122546790097,0.11470493632849645
f2_direct_bypass_alpha1,f2_direct_bypass,350,350,77,True,0,0.6771428571428572,0.44901321052488047,0.5838046337350069,0.22053141435269658,0.19415310697260812,0.4146845213253047,0.11547790274900666,0.33269829706387377,0.13467877712746681,0.2530125867273071,0.3287102928321035,0.49625412777671696,0.6786193601582209,0.5975920828547763,0.7756607813011531,True,0.93,False,,False,0.9946924666373042,1.0219913913687082,0.928862536946357,-0.024022804908635863
f2_direct_bypass_alpha1,f2_direct_bypass,350,350,78,True,0,0.7028571428571428,0.41003331232367357,0.49698924123619037,0.26564975392790313,0.12639427747090082,0.39204403139880395,0.16445959892663412,0.35086592216057055,0.07282510741505452,0.18014959090461638,0.3087775372840578,0.46424678886201837,0.6095603091023032,0.49063768494722143,0.7099844296924493,True,0.175,False,,False,0.7946259431068982,0.8453585080477469,0.9676612132222628,-0.005395560417652086
f2_direct_bypass_alpha1,f2_direct_bypass,350,350,79,True,0,0.7314285714285714,0.5515654949494498,0.5050640800513392,0.30267949676122285,0.11782639821875163,0.4205058949799745,0.20239267807065886,0.3978947938551801,0.06603491059061474,0.17520911357703128,0.3345638961528309,0.4941071775114776,0.5684486153620198,0.4491243671765689,0.6601419740192345,True,0.115,False,,False,0.674751423882178,1.027421522395667,1.0239906673442831,0.005586525740367773
f2_direct_bypass_alpha1,f2_direct_bypass,350,350,80,True,0,0.7171428571428572,0.5698430933247367,0.5107193793323074,0.34093403578758863,0.09960318935449075,0.4405372251420794,0.23527428782497276,0.4469915341967409,0.05480544378774575,0.1544954701387409,0.35487514456535696,0.5201893616233919,0.5640443875789682,0.4651349219096621,0.6787021702835112,True,0.04,False,,False,0.6780383365983345,1.0104103759815712,1.0074264725913016,0.0732989369269287
f2_direct_bypass_alpha1,f2_direct_bypass,350,350,81,True,0,0.7514285714285714,0.5610980520430163,0.494987498353011,0.3058308027119804,0.09112493959464485,0.3969557423066252,0.19743668797148609,0.40396725819502693,0.04910956596031566,0.13741760958954302,0.3171493149563824,0.4820127495915825,0.597515846752337,0.488653719960079,0.7056010589811137,True,0.01,False,,False,0.7579875408846415,0.9610915583721306,0.9830834393585961,0.0915361774861007
f2_direct_bypass_alpha1,f2_direct_bypass,350,350,82,True,0,0.6914285714285714,0.39485074072609533,0.5485311532936386,0.22199348103329836,0.1563643115504365,0.37835779258373486,0.12054970117388865,0.31109257369652793,0.10910760261415649,0.21335051357154544,0.3021573387930354,0.4862642783539038,0.6492542828151221,0.5464875685847689,0.7492950194037976,True,0.615,False,,False,0.8250316021283483,0.9114003618551793,1.0346756781403086,-0.06866127024407158
f2_direct_bypass_alpha1,f2_direct_bypass,350,350,83,True,0,0.6742857142857143,0.48478280258418294,0.475061261672066,0.33894243108927774,0.09831730606492761,0.43725973715420535,0.24428372924592087,0.44384106676288465,0.04865025010521873,0.14215049213345,0.3601604023579514,0.5118876579183975,0.5254810310498522,0.3955859196624998,0.6215831582183236,True,0.01,False,,False,0.5957907153297431,0.8683282388108747,1.0366523045937708,0.06798468886410762
f2_direct_bypass_alpha1,f2_direct_bypass,350,350,84,True,0,0.7114285714285714,0.5024333760031113,0.5321530285214584,0.2573330114391743,0.12073292984664385,0.37806594128581816,0.17975764539260644,0.3611715096192577,0.07640377877870623,0.16665690993670282,0.30984497972788855,0.46080490808948943,0.6868172867938178,0.6131734160354406,0.7640492340216486,True,0.1,False,,False,0.9260338274330093,0.7993683819328259,1.020425853673357,0.12330437200068539
f2_direct_bypass_alpha1,f2_direct_bypass,350,350,85,True,0,0.7085714285714285,0.47061623460603935,0.5725749771667087,0.302944865139924,0.1386254298673495,0.4415702950072735,0.19953921981779724,0.39754760539391193,0.08733053691263397,0.20223591507598168,0.3641480430227718,0.5186484141638578,0.6854732162432502,0.5985328303249986,0.7723700654927229,True,0.375,False,,False,0.9276536892231199,0.9791586859740542,1.014880409368094,-0.007772723398427201
f2_direct_bypass_alpha1,f2_direct_bypass,350,350,86,True,0,0.7228571428571429,0.5553507634340726,0.5634723937619145,0.28682316616405545,0.147867355928749,0.43469052209280445,0.19048178832515256,0.40061500918160453,0.08624145755501508,0.2204609299853513,0.345674135930449,0.5352935599378318,0.6644698005305566,0.56645276585782,0.7649140034975811,True,0.435,False,,False,0.8938493140950409,1.012391595039648,0.9947344728078915,0.01444504302682131
f2_direct_bypass_alpha1,f2_direct_bypass,350,350,87,True,0,0.7685714285714286,0.6003537479781386,0.5820467961819217,0.16615538558734033,0.16756643668589333,0.33372182227323366,0.06669736293796544,0.2544773722447532,0.10972677696605239,0.23674448923871425,0.25226440132650113,0.3956464772383348,0.7365112272593071,0.6481138031906571,0.81416237344723,True,0.67,False,,False,1.1264434564798762,1.0301450300206199,0.9666074095330371,0.088223891183201
f2_direct_bypass_alpha1,f2_direct_bypass,350,350,88,True,0,0.7171428571428572,0.4703430817120179,0.5376197545399077,0.35234478582429873,0.10087190610709684,0.4532166919313956,0.25186013442540617,0.4472121831862756,0.05716373607032052,0.15462392443313577,0.3707921630798161,0.5315745596570588,0.6382874155198116,0.5273257941766503,0.7411030307111407,True,0.05,False,,False,0.8004858602210728,0.9169671240698394,1.0358235006710284,-0.0012382432192787325
f2_direct_bypass_alpha1,f2_direct_bypass,350,350,89,True,0,0.7,0.5223345190846187,0.527390465350877,0.3083264793430058,0.1215051430713634,0.4298316224143692,0.22218022557105638,0.4156010333374065,0.07927685415290993,0.17101843628652855,0.3564963856734502,0.5092950737502977,0.6296725827580633,0.536973014392087,0.7202952204385922,True,0.12,False,,False,0.8345660967986017,0.9042315863604728,0.9712050520300192,0.0883032892927716
f2_direct_bypass_alpha1,f2_direct_bypass,350,350,90,True,0,0.6971428571428572,0.4537837195067611,0.5338149160429283,0.2597520031449715,0.1488585467656378,0.4086105499106093,0.15867948641226043,0.3643714933623462,0.09855754503207,0.2150703961542016,0.3271442530713944,0.4899914561523521,0.5973800629025375,0.4972114396231734,0.6974338648209593,True,0.43,False,,False,0.695013126454697,1.0285690805627394,1.0717807415418534,-0.10163862528846956
f2_direct_bypass_alpha1,f2_direct_bypass,350,350,91,True,0,0.6914285714285714,0.5215350282314247,0.5576231547929866,0.2831354690327018,0.13692067547152686,0.4200561445042287,0.18643001195391595,0.3868390448887553,0.0828714371397531,0.18725274270893674,0.3456482230530571,0.49044668127804,0.7019863232556185,0.6093761037321214,0.7758437762907153,True,0.27,False,,False,0.9529161312266166,0.8610850431830913,1.0343745851442827,0.09591300094298982
f2_direct_bypass_alpha1,f2_direct_bypass,350,350,92,True,0,0.7428571428571429,0.4204561081831433,0.559378105211175,0.28482884059743196,0.09791443017126233,0.3827432707686943,0.18934686853096888,0.3741948632766236,0.05114398759463501,0.1541728713572826,0.30305715226009566,0.4507687799556175,0.6783719374776808,0.6039934851049137,0.7615098181424733,True,0.035,False,,False,0.9045487783368814,0.9148939357041205,1.0207392399318653,0.007448635434743928
f2_direct_bypass_alpha1,f2_direct_bypass,350,350,93,True,0,0.7714285714285715,0.5576113088620144,0.5267883916506726,0.21110976624589883,0.13019471750853784,0.34130448375443667,0.13230782061685128,0.3186429770764768,0.07992050296617854,0.177735414866995,0.26789653726841306,0.4315369339774442,0.7019988155549658,0.6084133883720856,0.7794265608015134,True,0.23,False,,False,0.9372168770546734,0.9375012205201255,1.0517382211667894,0.03796777520228777
f2_direct_bypass_alpha1,f2_direct_bypass,350,350,94,True,0,0.7114285714285714,0.46854144549362786,0.5774952419115531,0.25555906126676065,0.14691126966208978,0.40247033092885043,0.15190736832799923,0.3536522438821302,0.09607361638807284,0.2035408344684125,0.31786432244474466,0.4815482482975126,0.7219035674737102,0.6302981697415261,0.8080489802059809,True,0.395,False,,False,0.9932966539031705,0.9491401022198155,1.0502630674591462,0.002106880974175524
f2_direct_bypass_alpha1,f2_direct_bypass,350,350,95,True,0,0.7828571428571428,0.6887429249195316,0.5072699339247374,0.14238015163371864,0.1384470745709021,0.28082722620462075,0.05431029397788086,0.24298611785290203,0.09117061191766798,0.18546591361751352,0.20020179229274318,0.3534369703145126,0.635373051587109,0.5241774359295501,0.7335762266659898,True,0.4,False,,False,0.8301163311579991,0.9642284244333086,0.9911902766406968,0.19285345797338876
f2_direct_bypass_alpha1,f2_direct_bypass,350,350,96,True,0,0.7228571428571429,0.576499577188554,0.5088059635359442,0.37719979980420026,0.07200005604603921,0.44919985585023947,0.28821343375559627,0.4760192756927995,0.03390673596212541,0.11647599202109724,0.3729436373170936,0.533735509583059,0.6144417257244604,0.5213570599255828,0.7115296724328521,True,0.0,False,,False,0.7567740711771136,0.7836784867562259,1.0291016058802764,0.19361663680514568
f2_direct_bypass_alpha1,f2_direct_bypass,350,350,97,True,0,0.6828571428571428,0.48191627916168833,0.5851522873992897,0.2010179000729812,0.18660022695453882,0.38761812702752,0.10726066036429666,0.2985866575548651,0.13412122139497967,0.24678715472705995,0.3098240872502103,0.46278803597471635,0.6807833918316408,0.5767112121674332,0.7703275776338097,True,0.895,False,,False,0.9964100118281609,0.9294767434865316,0.9327650312105494,0.025142156488292353
f2_direct_bypass_alpha1,f2_direct_bypass,350,350,98,True,0,0.6685714285714286,0.4672264235552849,0.575122981653005,0.32960960049039123,0.16736112602733344,0.49697072651772467,0.22231205660782125,0.4026241475314619,0.10883814588551602,0.24172086144591243,0.4133403659822176,0.5617463367431605,0.6705756988604322,0.5917699360778463,0.7564668932542952,True,0.665,False,,False,0.9226215364926476,1.0760655043242249,0.9797456105577275,-0.04928508466707761
f2_direct_bypass_alpha1,f2_direct_bypass,350,350,99,True,0,0.7114285714285714,0.5721147776927304,0.5082852715971399,0.35401192145727894,0.1167190924959417,0.47073101395322064,0.26300238317593544,0.47157806849864037,0.05755170911755185,0.16770987276061947,0.40057010778221436,0.554750211339003,0.5884780781108079,0.47876517865458784,0.6883288033989443,True,0.1,False,,False,0.7469237920215145,1.0594915158048408,0.9744664590934814,0.027233255829651214
f2_direct_bypass_alpha2,f2_direct_bypass,350,350,0,True,0,0.7742857142857142,0.5394372982633372,0.5104675764759349,0.42308995588706233,0.033184143300273417,0.45627409918733575,0.3434328260940082,0.5163789264536296,1.5839926011951283e-07,0.06934474004897376,0.3794097340297883,0.535213849499961,0.6009746529243283,0.48528873397839134,0.7031470873363094,True,0.0,False,,False,0.8159340631207683,0.8686871582726476,0.9215281816098398,0.07282819610545799
f2_direct_bypass_alpha2,f2_direct_bypass,350,350,1,True,0,0.7257142857142858,0.35413219757730313,0.48578451024096375,0.44219413823071063,0.04614396654908948,0.4883381047798001,0.36940542052671593,0.5099493389681384,4.5658271992793435e-06,0.08689434634021916,0.41230896895123176,0.5497759812555996,0.6274915796560443,0.5071155425409716,0.752988126640455,True,0.0,False,,False,0.8444107528151483,0.7368412305887443,0.954391856774054,-0.005867655516293127
f2_direct_bypass_alpha2,f2_direct_bypass,350,350,2,True,0,0.7914285714285715,0.5681083769150879,0.5013937095773254,0.33269280460463524,0.06239841660408596,0.3950912212087212,0.250221687310768,0.42059258250015424,0.022223214388405646,0.10173332113762365,0.3176491622430706,0.4745561469784111,0.5913630391315154,0.42305658745748603,0.727670349591507,True,0.0,False,,False,0.7900083395682702,0.906425876473075,0.928258735660352,0.08122819183812188
f2_direct_bypass_alpha2,f2_direct_bypass,350,350,3,True,0,0.7285714285714285,0.4451004709284241,0.5467649800532943,0.45870976501923216,0.04905588287774387,0.5077656478969761,0.3754598818736757,0.5458852343019205,4.1908316741196e-06,0.09261244558554442,0.4408319858141194,0.5810853841817595,0.7097333251527863,0.6317126436062159,0.7937927276091108,True,0.0,False,,False,1.0309394744923235,0.9088813864006218,0.9772355365443046,-0.009340649553743642
f2_direct_bypass_alpha2,f2_direct_bypass,350,350,4,True,0,0.7457142857142857,0.4291729659801914,0.49897295249777635,0.43153470042796027,0.03196346198664879,0.46349816241460906,0.3637223590784529,0.5208385264053541,1.5545134922079208e-07,0.0696355615334818,0.40487603544584017,0.5345833046849969,0.5903266844899171,0.4322966478699173,0.7269302163420182,True,0.0,False,,False,0.7690770850651105,0.9150071029513379,0.9509562389498805,-0.004803277550702732
f2_direct_bypass_alpha2,f2_direct_bypass,350,350,5,True,0,0.7171428571428572,0.6086320133661535,0.558709972435989,0.41987671954231015,0.08479426492962994,0.5046709844719401,0.3245291058991662,0.5273807097866268,0.00017257764675652552,0.14973712629485691,0.4192445095737372,0.5902051480124892,0.7329293170188746,0.6549497410801096,0.8199493524193172,True,0.025,False,,False,1.0364131454553909,1.066617236486488,1.0395027627865903,0.09360826286422576
f2_direct_bypass_alpha2,f2_direct_bypass,350,350,6,True,0,0.7714285714285715,0.5469988408057758,0.5268733863999294,0.4030509169418466,0.05845342455386371,0.4615043414957103,0.31223997145508026,0.5043317961415626,0.014117843264520473,0.10593387721180267,0.38191815439632926,0.5427779660387058,0.6080440435762755,0.4742128695016476,0.7179158068391631,True,0.0,False,,False,0.8124494970338564,1.036473499458613,0.9426946885510731,-0.021580931520777967
f2_direct_bypass_alpha2,f2_direct_bypass,350,350,7,True,0,0.7571428571428571,0.5131596981333832,0.4715621649078636,0.3582791852012909,0.054025230869101715,0.4123044160703926,0.25918800687278803,0.45141688126996005,0.020198144307453765,0.09992585457546312,0.3397094410940905,0.48121541066208257,0.5567821192082766,0.43528618278667025,0.693911322781795,True,0.0,False,,False,0.6878647439927614,0.938908690662424,0.9744502587891499,0.07053185248541671
f2_direct_bypass_alpha2,f2_direct_bypass,350,350,8,True,0,0.74,0.4772113815330949,0.5317600313324439,0.3548889693709222,0.09412852228926916,0.44901749166019134,0.26940102845720065,0.44162482016815013,0.044668068689726975,0.1401098217619012,0.3684773433838986,0.5174192014825556,0.5794606103147548,0.40593628031250323,0.7440123950389316,True,0.01,False,,False,0.6763495629307562,1.1323902605643485,1.051223270012274,-0.10193598349222352
f2_direct_bypass_alpha2,f2_direct_bypass,350,350,9,True,0,0.7371428571428571,0.5770266543904139,0.5541078365233392,0.5037164173403601,0.04032202042453126,0.5440384377648914,0.40991456203593435,0.5814983584098786,2.295125152235179e-07,0.09133879337525028,0.45644529535675876,0.6211316933451807,0.5940803177649592,0.44188007214263847,0.7117552404362012,True,0.0,False,,False,0.7468833416527585,1.1698277244062567,0.9888199872584339,-0.04799547836735445
f2_direct_bypass_alpha2,f2_direct_bypass,350,350,10,True,0,0.72,0.5277093848704462,0.5318598734702298,0.46192487686224987,0.03403908194224747,0.49596395880449734,0.3772443027321387,0.5475876986696944,5.810520727567162e-07,0.07767685673026209,0.41820149584225935,0.5557495803936308,0.6740696910438021,0.5588545473397803,0.777861353450182,True,0.0,False,,False,0.8792390960333013,1.0053783135251813,1.0378836437903405,0.065235327008877
f2_direct_bypass_alpha2,f2_direct_bypass,350,350,11,True,0,0.7485714285714286,0.4676219773797243,0.5484550295973902,0.4200741468483713,0.06231099978692589,0.4823851466352972,0.33496332883957586,0.51338670801402,1.4672923923098053e-06,0.10846772886627491,0.4098479356200872,0.539700416003806,0.6645066787921264,0.5295867819144152,0.7692386720611483,True,0.0,False,,False,0.856533975663276,1.054780309947455,1.0381737537632338,-0.0718235581172011
f2_direct_bypass_alpha2,f2_direct_bypass,350,350,12,True,0,0.76,0.5193535520210784,0.5141167337378946,0.4294470564618764,0.03192851841527533,0.46137557487715175,0.3490906334423753,0.5141307739307883,3.095640150385661e-07,0.07277432233048282,0.3896839988487297,0.53229357001995,0.664698589066549,0.5719436823393239,0.7947626381257775,True,0.0,False,,False,0.9200031207706102,0.8373492275580732,0.9670522955912964,0.09589408551313851
f2_direct_bypass_alpha2,f2_direct_bypass,350,350,13,True,0,0.7285714285714285,0.46803524244509154,0.5360857037216141,0.4664412581912864,0.043376062832883755,0.5098173210241701,0.38703699285977383,0.5743612459209918,3.0989408140447164e-07,0.08127616839044279,0.44069500307704434,0.5834386330643322,0.603486954836769,0.4637797290900489,0.7199979512908348,True,0.0,False,,False,0.7726833991104841,0.9833318230294719,0.9795009227819422,-0.015201810192443108
f2_direct_bypass_alpha2,f2_direct_bypass,350,350,14,True,0,0.7714285714285715,0.5177377001251781,0.5325476340611528,0.3450574314464153,0.0764865508128153,0.4215439822592306,0.26324646210274566,0.44583988310699607,0.024356382733724515,0.13693450325296397,0.3449644354268754,0.49098786214693796,0.6047539824469663,0.4803571310968142,0.7121436164263477,True,0.0,False,,False,0.7687614980299264,1.1621943060444304,0.9877547575709831,-0.07996232993070979
f2_direct_bypass_alpha2,f2_direct_bypass,350,350,15,True,0,0.7257142857142858,0.45539643721791856,0.49582056317315404,0.4166780474038717,0.04420736426684824,0.46088541167071995,0.33727253164189136,0.5025203880727495,2.4378071408953704e-06,0.0801500856521795,0.3910145308788492,0.529409011564697,0.5468895483574365,0.3996799790249574,0.658615056434683,True,0.0,False,,False,0.6750088985964287,0.957563905092267,0.967739422106332,0.02859690573920236
f2_direct_bypass_alpha2,f2_direct_bypass,350,350,16,True,0,0.7228571428571429,0.5239663829684491,0.514727330702431,0.4975088136050547,0.038711507735690764,0.5362203213407455,0.42496085781695975,0.5891626930435908,3.6130799082323424e-07,0.07546681380085941,0.47058718264615995,0.6149814161054942,0.6704804028714823,0.5830582201560794,0.7518783704093329,True,0.0,False,,False,0.8876244999813346,0.995315568440388,1.018111847039145,0.020621044784957063
f2_direct_bypass_alpha2,f2_direct_bypass,350,350,17,True,0,0.7657142857142857,0.5336275941162093,0.5143439488689967,0.3673215915269,0.06184413471046912,0.42916572623736915,0.2804344745281664,0.4408849048641279,0.020808014280329173,0.10841121950854164,0.34875031824213504,0.49559988759357737,0.6525510497982798,0.5471224283389482,0.7486036342182874,True,0.0,False,,False,0.842371101631331,1.0000443700660673,1.0223228999145928,0.013604497121295855
f2_direct_bypass_alpha2,f2_direct_bypass,350,350,18,True,0,0.7171428571428572,0.5120779002150426,0.5417926259116846,0.48217811424589374,0.05448428355477575,0.5366623978006695,0.3656686061168928,0.5757884745956138,1.2620158748075125e-05,0.10808687234522153,0.4649322783082046,0.605336042071915,0.6278122130486028,0.5205499362115905,0.736785262963595,True,0.005,False,,False,0.7752071065366494,1.0275272672828182,1.0404681831238838,-0.004621284748512284
f2_direct_bypass_alpha2,f2_direct_bypass,350,350,19,True,0,0.7485714285714286,0.5504678579518187,0.5075512946523427,0.5042015340270485,0.02587433265048067,0.5300758666775292,0.43128032876818106,0.5736300736304415,2.0909475410557677e-07,0.0650868647375911,0.46639695267903036,0.5944187937191809,0.6276238580288125,0.49770462988166997,0.7505675584228817,True,0.0,False,,False,0.755784400499088,0.9733281772705172,1.0666785767200737,0.022089704576394996
f2_direct_bypass_alpha2,f2_direct_bypass,350,350,20,True,0,0.7285714285714285,0.49759344302387043,0.522097519843348,0.5353130402062354,0.022190654982377933,0.5575036951886133,0.45312399875731824,0.6232056098182769,4.8589034151724793e-08,0.05436931617633569,0.48441557572783855,0.6299543125863784,0.5269578385408655,0.40176019493720033,0.6784096840077283,True,0.0,False,,False,0.647115781688919,1.1117678704849026,0.9581432173108507,-0.08370265331619012
f2_direct_bypass_alpha2,f2_direct_bypass,350,350,21,True,0,0.76,0.6227711547144327,0.5408645439700416,0.49559504753044437,4.3188743213962155e-06,0.49559936640476576,0.4210981357950513,0.5790225767221077,2.0914819043316179e-07,3.2138298874923064e-05,0.4211065628008826,0.5790237438438531,0.6057332139988939,0.48113694524155526,0.7113177588778634,True,0.0,False,,False,0.7757379266693235,1.0607663826824447,0.9813740526641076,0.08023812513276415
f2_direct_bypass_alpha2,f2_direct_bypass,350,350,22,True,0,0.7228571428571429,0.5354299468514437,0.5622549762646121,0.48815443677377107,0.04731726046460305,0.5354716972383742,0.4024467084429174,0.5974749067457606,8.980586500978443e-07,0.09066317847704704,0.4663806296365056,0.6172534544134167,0.6483472796485809,0.5364418028494091,0.7557471906914702,True,0.0,False,,False,0.8773089026216728,1.2455342546923713,0.9706749185449495,-0.09089584979386289
f2_direct_bypass_alpha2,f2_direct_bypass,350,350,23,True,0,0.7571428571428571,0.4870601372248537,0.49356695263830197,0.34623311535460766,0.05379186049758411,0.40002497585219177,0.2476642749762345,0.43022349092649986,4.7593541103174737e-07,0.1075744369790458,0.33011744916180225,0.45876353923566554,0.5871047044754645,0.4605573824240959,0.7125015089044113,True,0.005,False,,False,0.7233086959367496,1.0168268239785094,1.0026956184920486,0.03965975916264107
f2_direct_bypass_alpha2,f2_direct_bypass,350,350,24,True,0,0.78,0.570224749982711,0.5154957232223804,0.4030424491119905,0.055995115396761164,0.45903756450875166,0.29824421230255393,0.48865722130169215,0.020019860910157245,0.1066937595692794,0.37678343093169847,0.536502209713787,0.6191277765207867,0.4854855085776273,0.7499130983256477,True,0.0,False,,False,0.788557804531948,0.9560690560717544,0.9998078491730992,0.021169234221833245
f2_direct_bypass_alpha2,f2_direct_bypass,350,350,25,True,0,0.7142857142857143,0.535083249867156,0.5888314701032225,0.49550112011448816,0.042026118998232276,0.5375272391127204,0.4091116885162641,0.6035910805743575,4.604993315365792e-07,0.09497692468715505,0.45434031763421,0.61028526722655,0.6496684167767812,0.543432750698338,0.7495069540597136,True,0.0,False,,False,0.8618494040006462,1.1204691420221988,0.9915677492575296,-0.002742398002726188
f2_direct_bypass_alpha2,f2_direct_bypass,350,350,26,True,0,0.7028571428571428,0.405618305586199,0.5351324397577705,0.4606294342057987,0.050884994222196056,0.5115144284279948,0.3573523003433009,0.5450280019542105,1.4512841103597757e-06,0.10056592280267732,0.4321714933046765,0.5729164570023079,0.6190853342873386,0.5071210767905067,0.7068267761776272,True,0.0,False,,False,0.7938011527183123,0.9286250418615575,0.993093351332541,-0.01624267222073941
f2_direct_bypass_alpha2,f2_direct_bypass,350,350,27,True,0,0.7114285714285714,0.5289913794842115,0.5726003304622487,0.4559745752049286,0.06904539265194376,0.5250199678568723,0.3495335874087759,0.5487966698664141,2.0704609754673736e-06,0.13166467170076082,0.44153807414894974,0.5932409245250923,0.6701825689508875,0.5871452912195441,0.7671656269352757,True,0.005,False,,False,0.9298074279762117,1.0303870684698504,0.9711388782291176,0.031458994219327095
f2_direct_bypass_alpha2,f2_direct_bypass,350,350,28,True,0,0.6914285714285714,0.4566794983719122,0.5640109443185588,0.4681550192580816,0.06731007311436121,0.5354650923724429,0.36947647655153365,0.5518095681549123,0.022034250836491943,0.11544297701318654,0.4565465684425113,0.6057467910487656,0.6698853074461353,0.5714840745420217,0.7765297301995217,True,0.005,False,,False,0.8539676318422549,1.0398918575147136,1.05653355328595,-0.030584088521432858
f2_direct_bypass_alpha2,f2_direct_bypass,350,350,29,True,0,0.7571428571428571,0.4827806611715388,0.48559646020839514,0.46568416686855196,0.021186327452221265,0.48687049432077323,0.37659036881966895,0.5613932484156224,2.8607761917709446e-08,0.05629625066751674,0.40536194932827024,0.5651290680040093,0.5796477864603948,0.4678269599760627,0.694529818014573,True,0.0,False,,False,0.7069400293812225,0.9968840571691111,1.006224313785507,-0.029904923522338138
f2_direct_bypass_alpha2,f2_direct_bypass,350,350,30,True,0,0.7828571428571428,0.4870609416373499,0.5962925437485429,0.3809364511325849,0.0654014015739075,0.4463378527064924,0.2973648495131468,0.4938830484804016,7.184623076281218e-06,0.12095151073146526,0.37329264436747767,0.5195909868464443,0.7712083787912066,0.6844733880435168,0.8485459345703641,True,0.01,False,,False,1.2950580241827085,1.0004432202589966,0.9354651769167694,-0.04746173469695533
f2_direct_bypass_alpha2,f2_direct_bypass,350,350,31,True,0,0.7428571428571429,0.5645160759993462,0.5437046066877879,0.5208847451550045,5.797333197943288e-07,0.5208853248883243,0.45580930743348286,0.6102063386368484,8.717547074488248e-08,3.32639602122681e-05,0.45581046298661937,0.6102064852668156,0.6477830840214465,0.5199045272698097,0.7620091256434385,True,0.0,False,,False,0.8583788961504599,1.1114755880121003,0.9905934364273761,-0.0007394109768353095
f2_direct_bypass_alpha2,f2_direct_bypass,350,350,32,True,0,0.76,0.5181873260071529,0.4984807297341795,0.37745165589150054,0.04926704295211848,0.426718698843619,0.2872924905677765,0.46247368132930017,0.015559281394874324,0.0938912961892351,0.36476427062236766,0.49721835140119575,0.6062945545908308,0.5122135809776862,0.7035556656642896,True,0.0,False,,False,0.7479509636295459,0.87442138379063,1.0193239705442674,0.08096753488781903
f2_direct_bypass_alpha2,f2_direct_bypass,350,350,33,True,0,0.7428571428571429,0.482975193451197,0.5145899666804493,0.3982762870063197,0.04504853481931392,0.4433248218256336,0.31106123281509906,0.5024096430902345,2.151009289622086e-06,0.08326163144980318,0.3579254739964771,0.5211734343303223,0.662195620395461,0.546947797959693,0.751426957451271,True,0.0,False,,False,0.8699331629042891,0.773270076963131,1.015843280796541,0.11622388640755948
f2_direct_bypass_alpha2,f2_direct_bypass,350,350,34,True,0,0.7514285714285714,0.5143303086357082,0.49224858811400624,0.44959581060620735,0.02557394903396537,0.4751697596401727,0.3824088088606842,0.5243874043059112,1.1640192742773425e-06,0.05958991658342094,0.4060390506627546,0.5432341320502755,0.6239878026955988,0.4863736203922763,0.7453257965847885,True,0.0,False,,False,0.7687996872826695,0.9198034791249402,1.0386531783087052,0.05705642743906708
f2_direct_bypass_alpha2,f2_direct_bypass,350,350,35,True,0,0.7314285714285714,0.534347372868844,0.5745499197305421,0.4533547810407422,0.047924547845939136,0.5012793288866814,0.36141820183839224,0.547849603887747,3.285451706441792e-07,0.0963878314928745,0.41681255385318033,0.5804080002138814,0.6713962028397387,0.5583222820950066,0.7605434216096185,True,0.0,False,,False,0.8723951899696311,1.1404985920560753,1.0384596440793834,-0.022866798523754395
f2_direct_bypass_alpha2,f2_direct_bypass,350,350,36,True,0,0.7428571428571429,0.4581357273269535,0.4286860877695003,0.4679873838745684,0.01562611086934862,0.483613494743917,0.4038843740788825,0.5324492529182827,6.704978658955697e-08,0.04021143665572348,0.41864890165894175,0.5536828044742529,0.5081667703391518,0.3897126022731905,0.6405281137465955,True,0.0,False,,False,0.5763981045081552,0.6772784542049841,1.023646724247466,0.12723675753307442
f2_direct_bypass_alpha2,f2_direct_bypass,350,350,37,True,0,0.74,0.5657726012541715,0.5734100606735067,0.4457598364070751,0.053862896843164254,0.49962273325023937,0.37113318080310004,0.5478433481280797,1.402196895178288e-06,0.1028255161653441,0.4239645229254904,0.5766375585569089,0.6967692511160364,0.5789471271604992,0.7843067449125134,True,0.0,False,,False,1.0044838648155114,1.1073945881768723,0.9670479304162818,0.01207674442831338
f2_direct_bypass_alpha2,f2_direct_bypass,350,350,38,True,0,0.7571428571428571,0.4962279658928008,0.5970126977427873,0.372313316337025,0.08162587055476489,0.4539391868917899,0.275533222074971,0.5076023226842471,9.996785978033663e-06,0.14859567656740683,0.38361239546923065,0.538837998092605,0.7685277222492284,0.6917352280316427,0.8626039008907619,True,0.02,False,,False,1.2497037069919639,1.0540124151386476,0.9611630155366658,-0.015721048917449555
f2_direct_bypass_alpha2,f2_direct_bypass,350,350,39,True,0,0.7885714285714286,0.5958062064233487,0.504222095471358,0.35981518377747024,0.049866794727194574,0.4096819785046648,0.2830052858109532,0.44864751225354293,0.013875787222555011,0.08704139182968404,0.3329570380700522,0.4920532187640556,0.653311929091043,0.5308989992449865,0.775239668777781,True,0.0,False,,False,0.8377618848202892,0.8846746494322061,1.0300377505445706,0.12060953758547799
f2_direct_bypass_alpha2,f2_direct_bypass,350,350,40,True,0,0.7457142857142857,0.47956099297221727,0.5483554493279788,0.4431419882856711,0.027810699467967215,0.4709526877536383,0.3695681259207843,0.5299845787344402,8.422301374821918e-07,0.06333972382012304,0.39757233795279895,0.5382439278166095,0.7364587637456823,0.6474798590942711,0.822593260674071,True,0.0,False,,False,1.1126519555748393,0.9844517247338236,0.9784363353683574,0.02108912985183755
f2_direct_bypass_alpha2,f2_direct_bypass,350,350,41,True,0,0.7371428571428571,0.4220280644240448,0.5605128779913058,0.5036051495815064,0.029074727293380342,0.5326798768748867,0.4054766748291687,0.603941425061539,1.5886064891418309e-06,0.0693370960111466,0.443394792253305,0.6123039111126449,0.7414768363681377,0.6421771451156851,0.8325141688329092,True,0.0,False,,False,1.0713674306309704,0.9045366673965984,1.0314556673823105,-0.048331002622186425
f2_direct_bypass_alpha2,f2_direct_bypass,350,350,42,True,0,0.7571428571428571,0.5132988014496779,0.4645683656216078,0.4312378298927553,0.025901496411763092,0.45713932630451837,0.3428016474505425,0.5136931771079375,1.2734466609543032e-07,0.0620914932041438,0.386370426730908,0.5286251117317718,0.5048710176550502,0.36122166937900263,0.6253883339590967,True,0.0,False,,False,0.6306497442556421,0.9279593968400544,0.9274348329445113,0.05462169641303345
f2_direct_bypass_alpha2,f2_direct_bypass,350,350,43,True,0,0.7314285714285714,0.5368760254800412,0.5640012899875028,0.3997528574120217,0.06397308358719034,0.46372594099921205,0.3280491884034533,0.48604398311836666,4.580632230877792e-05,0.11521859702077107,0.39845985240187126,0.5265833275318859,0.7682523060284792,0.6772557927085235,0.8524074355523942,True,0.0,False,,False,1.1896676481026431,1.0553820133900005,1.0087844839925857,0.05441596706411048
f2_direct_bypass_alpha2,f2_direct_bypass,350,350,44,True,0,0.7285714285714285,0.44113022088554527,0.5639624525422287,0.4403853904629772,0.062492855154900884,0.5028782456178781,0.347010585911898,0.5413147752446982,2.6016224546676637e-06,0.11433357358315466,0.43372052759449986,0.5887793405268819,0.654310421488218,0.5454485849097945,0.7733011714069471,True,0.0,False,,False,0.8439649183138812,1.0981360124677835,1.025198109874177,-0.10166271315407671
f2_direct_bypass_alpha2,f2_direct_bypass,350,350,45,True,0,0.7428571428571429,0.441184319060825,0.5767214680320392,0.42860494283849904,0.04505955725942967,0.4736645000979287,0.3327694349710118,0.53042803071642,4.4898382515618e-06,0.11219741776269569,0.4021428278511529,0.5377736413328817,0.7394228756219331,0.6504476834447529,0.8125269194245794,True,0.0,False,,False,1.1191724790066178,1.0024550010652384,0.9813527142159484,-0.02853756627871811
f2_direct_bypass_alpha2,f2_direct_bypass,350,350,46,True,0,0.7514285714285714,0.5293798474757815,0.547837327318538,0.45694271849733353,0.049228987810931546,0.5061717063082651,0.36753306725486407,0.5581480722365578,3.422735312064163e-07,0.09410572441494666,0.41713987444074047,0.5789901010480968,0.5926796923394503,0.46906111071207196,0.6931416816726839,True,0.0,False,,False,0.7603676384225274,1.1063843823359107,0.9677522040415809,-0.06490677480068735
f2_direct_bypass_alpha2,f2_direct_bypass,350,350,47,True,0,0.7714285714285715,0.46076632167372006,0.4687608885316715,0.3910105646567342,0.03653397050395146,0.4275445351606857,0.30395651075836005,0.4774800287970898,0.010380578146195335,0.07132561181149731,0.3373536152569327,0.509640519831763,0.6134339677027622,0.4811574585573102,0.7302916054095615,True,0.0,False,,False,0.7694676613243328,0.8195849984875185,1.009462070386977,0.041601651142293194
f2_direct_bypass_alpha2,f2_direct_bypass,350,350,48,True,0,0.7228571428571429,0.46825004137376336,0.5539739521075334,0.4127485817835565,0.07312900881030371,0.4858775905938602,0.32495253496289045,0.5113528746145346,0.027365315921684286,0.12198489616348512,0.41374803163244595,0.5700453847056844,0.6865330148636923,0.5950484132626478,0.7695211636133042,True,0.005,False,,False,0.8715719987790469,0.9330950404068497,1.0833401296354663,0.015032439221736311
f2_direct_bypass_alpha2,f2_direct_bypass,350,350,49,True,0,0.7742857142857142,0.47821628072970684,0.5232330207490468,0.4399201875473846,0.025008239016128364,0.46492842656351296,0.3630746048582047,0.5384745757586499,1.9328678807772893e-07,0.0640367638033132,0.39637324457123735,0.5528239147276781,0.5765278950951755,0.44074470412353184,0.6898521439388164,True,0.0,False,,False,0.7168687233656794,1.0361643999874168,0.9842772767269603,-0.06058966342337259
f2_direct_bypass_alpha2,f2_direct_bypass,350,350,50,True,0,0.7342857142857143,0.5358566235542571,0.5263050267777019,0.4467562551113222,0.04311011315286306,0.4898663682641853,0.36472978842792075,0.5553301053875189,7.256222883000886e-07,0.07802256309137594,0.4150477327900077,0.5620063464778782,0.6452628987427222,0.547510003844328,0.7368942237674612,True,0.0,False,,False,0.89073183784945,0.9004114832862364,0.9482410677699266,0.09851420816886487
f2_direct_bypass_alpha2,f2_direct_bypass,350,350,51,True,0,0.7885714285714286,0.5149144363738823,0.5158398864114236,0.3807233073891716,0.04991692415601845,0.43064023154519004,0.29690437028286504,0.4744748960929016,1.8418085080518266e-06,0.09091547958367752,0.3521573468751351,0.500535973021491,0.6339340238200118,0.49130606413897354,0.7698201313628319,True,0.0,False,,False,0.8861388503232587,0.9790111598349964,0.925007689656494,-0.016549075343365912
f2_direct_bypass_alpha2,f2_direct_bypass,350,350,52,True,0,0.7742857142857142,0.4343718633405237,0.5662798712836257,0.28745418760683705,0.1059428156750376,0.39339700328187466,0.20407342659585254,0.40584738572551027,0.051573611095423175,0.16597454997583252,0.3303221223311621,0.4718813609465681,0.7075774941899471,0.6121155635274572,0.7990759192249723,True,0.105,False,,False,1.0554207877959323,1.0452588610555025,0.94875211877787,-0.0852713760071894
f2_direct_bypass_alpha2,f2_direct_bypass,350,350,53,True,0,0.7771428571428571,0.5436019936974557,0.5315114847284104,0.44610238983777983,0.023839671008599406,0.46994206084637924,0.35704963254639466,0.5501650207046955,1.0139996428348841e-07,0.056315175193938284,0.39172481896228967,0.5501654272432253,0.6444523027395792,0.5474212808870165,0.7475325503924829,True,0.0,False,,False,0.822821927117597,1.0746589621827722,1.024295695197714,-0.02750185123971245
f2_direct_bypass_alpha2,f2_direct_bypass,350,350,54,True,0,0.7885714285714286,0.5654260016009335,0.43821425279555704,0.4190391111271822,6.152451292873451e-08,0.4190391726516951,0.3477083098425148,0.48795424752325295,2.3419031103255613e-09,3.018342631830323e-06,0.34770926902676763,0.48795911922434093,0.5941860519537677,0.4652581561164864,0.7247658885813145,True,0.0,False,,False,0.7304523342784868,0.6918808668301846,1.0113409304547063,0.21948568971904622
f2_direct_bypass_alpha2,f2_direct_bypass,350,350,55,True,0,0.7457142857142857,0.46179133499861375,0.5098703585621247,0.40554132731063597,0.05484522154732163,0.4603865488579576,0.3416778849433907,0.49465658443943017,5.84502449032798e-06,0.09720473566163004,0.40470175669474057,0.5293178801013507,0.6627608524038358,0.5489311384210285,0.7641413187667891,True,0.0,False,,False,0.8622109612945259,0.9428705207191127,1.026501104774655,-0.0015621229778438237
f2_direct_bypass_alpha2,f2_direct_bypass,350,350,56,True,0,0.7685714285714286,0.6259709027574755,0.4964403511959808,0.5036032262079451,9.547723496483584e-06,0.5036127739314415,0.4294605438391647,0.5940064109973782,1.8690786432462584e-08,9.92700474928556e-06,0.4294633750191986,0.5940066574882055,0.5629515362952235,0.41579286456765674,0.7259217862500403,True,0.0,False,,False,0.6942967200330683,1.0278664730123475,0.9810436707336367,0.06794786423384104
f2_direct_bypass_alpha2,f2_direct_bypass,350,350,57,True,0,0.7714285714285715,0.4439111002582572,0.4809905291979001,0.4493286989921398,3.2435720553891656e-07,0.4493290233493453,0.3845055416349865,0.5178780745972773,3.340220006697871e-08,1.451717557435784e-05,0.38451207241178226,0.5178792455151597,0.5907063206492249,0.4172709718758274,0.7448781720734131,True,0.0,False,,False,0.7423799183166863,0.8783809576556939,0.9861270684510522,0.009741382344652879
f2_direct_bypass_alpha2,f2_direct_bypass,350,350,58,True,0,0.7371428571428571,0.5181731800980345,0.5255702200035126,0.46558146550330254,0.04396692464585639,0.5095483901491589,0.37576334698327685,0.5619944224102683,4.788688351048402e-07,0.09620042404849444,0.43829379751502157,0.5825432733373488,0.5475579248744159,0.43654831478728945,0.6760428639291716,True,0.0,False,,False,0.6928377228467544,1.1642938495224737,0.9444818003462342,-0.0739526363063557
f2_direct_bypass_alpha2,f2_direct_bypass,350,350,59,True,0,0.76,0.6231158167014829,0.5656550490079149,0.42470086742820534,0.042201867576493246,0.4669027350046986,0.3399406186357602,0.521921448293119,2.295316557737737e-06,0.08042934824379537,0.3964092611178617,0.548786810846287,0.6514353982602811,0.5296901456676782,0.7618610142801443,True,0.0,False,,False,0.8969759529852455,1.0933499765245056,0.9572340063002379,0.05769765492405766
f2_direct_bypass_alpha2,f2_direct_bypass,350,350,60,True,0,0.7314285714285714,0.49644462761591,0.5456861766165663,0.4476348909623286,0.04722542329755364,0.49486031425988225,0.3703782007517964,0.5264647018813935,5.444441065855793e-05,0.0827763142147259,0.41979284764713237,0.5671048374852556,0.6674309205363693,0.5684835765936688,0.7517635886561547,True,0.0,False,,False,0.8929318623105286,0.9893045199449055,1.0037444178534818,0.015925257850315983
f2_direct_bypass_alpha2,f2_direct_bypass,350,350,61,True,0,0.7085714285714285,0.49464489068668044,0.5145800964070696,0.4639527181420944,0.055377185235609305,0.5193299033777037,0.37631996419283215,0.5550558871436485,0.01700033655521404,0.09444952156271706,0.4460961145115252,0.5789830429881255,0.6183509664731618,0.48192227005663185,0.7342083334325672,True,0.0,False,,False,0.8045293858578941,0.9419315515298956,0.9779681095097947,0.03713528293953069
f2_direct_bypass_alpha2,f2_direct_bypass,350,350,62,True,0,0.7514285714285714,0.5772186277543233,0.45476458053323504,0.4263293971610538,0.025099442508261793,0.4514288396693156,0.3542442074850515,0.5167899410186046,1.4150483202690645e-07,0.05769431799747561,0.3842262315637774,0.5365333868927417,0.5841434384309598,0.4562279525575544,0.7218754232036612,True,0.0,False,,False,0.6991946338164509,0.8172663707097074,1.029324679233637,0.18726586240721252
f2_direct_bypass_alpha2,f2_direct_bypass,350,350,63,True,0,0.7771428571428571,0.5187459723016087,0.5033658250201666,0.389670055698522,0.02612138950003484,0.4157914451985568,0.3072813118282499,0.46575168110672227,2.991528700507785e-07,0.06262636642233325,0.3505599284044952,0.4853967807038888,0.5802452845786064,0.4700391125317383,0.6940704447945162,True,0.0,False,,False,0.7184468861556366,0.9911584984538382,0.9916465599490635,0.040158011619612466
f2_direct_bypass_alpha2,f2_direct_bypass,350,350,64,True,0,0.7657142857142857,0.6155980309738548,0.5157834633550916,0.4706692157858402,2.0203723086753556e-06,0.4706712361581489,0.39848736808193275,0.544778445025816,1.0071344117845716e-07,6.755833848630105e-05,0.39849100656787634,0.5447798363843961,0.6770205982134837,0.5581986123244818,0.7818757156793953,True,0.0,False,,False,0.890906288946473,1.1649181058111584,1.0325551239911273,0.033138978068275496
f2_direct_bypass_alpha2,f2_direct_bypass,350,350,65,True,0,0.72,0.5023189791384993,0.47760305258277413,0.457124605494102,0.037641641453672436,0.49476624694777444,0.37491032876294245,0.542873231312299,2.3670100761652441e-07,0.07232310222312975,0.4222013784643049,0.5644107113447794,0.5150648211619331,0.3619455114938326,0.6230884513713506,True,0.0,False,,False,0.6061342715839427,1.00428398544109,0.991369597161512,0.02887112792229571
f2_direct_bypass_alpha2,f2_direct_bypass,350,350,66,True,0,0.7371428571428571,0.5289572917918514,0.565729758479013,0.39216956234988803,0.09344620650666913,0.48561576885655716,0.30648000565849554,0.4849094346845151,0.03898661458768422,0.1543947119005228,0.4166468704292405,0.5586278877030251,0.7218153017980313,0.6266843665051135,0.8112244001275302,True,0.035,False,,False,0.9415441530390919,1.203254476495924,1.1077085129839364,-0.07266994645611077
f2_direct_bypass_alpha2,f2_direct_bypass,350,350,67,True,0,0.7257142857142858,0.4354691962718472,0.5188890802504079,0.4577414002762003,0.04939648007860864,0.507137880354809,0.37674827016239965,0.5552990703844979,2.306666843698846e-07,0.0886174590969208,0.43332150004255165,0.5894830534377342,0.6124033147516468,0.49978166468050556,0.7025731369301904,True,0.0,False,,False,0.806953438042316,0.9406549760545905,0.9599800067426834,-0.024109186803288062
f2_direct_bypass_alpha2,f2_direct_bypass,350,350,68,True,0,0.74,0.5194896186394802,0.5875393488627055,0.3736777719794341,0.07709124978758952,0.4507690217670236,0.2748620999841543,0.46262095659590163,0.03369377575794276,0.12734037623442215,0.3642478552581405,0.5287698652965349,0.7100127707937468,0.6200565864212709,0.8107536578594428,True,0.01,False,,False,0.9702725615540724,0.8144700913912264,1.0391620957831122,0.09829226958534508
f2_direct_bypass_alpha2,f2_direct_bypass,350,350,69,True,0,0.7371428571428571,0.5276004259789082,0.5043500782085762,0.38812833887481546,0.06790892696280681,0.4560372658376223,0.2931215289190473,0.4723824200801987,0.021182231367489004,0.11544762023966877,0.3728659757522296,0.5240146259631734,0.6406298104688578,0.5354813190053,0.7258710556235688,True,0.005,False,,False,0.8111177762806041,0.9878786901500286,1.0286009020903837,0.04777383410541539
f2_direct_bypass_alpha2,f2_direct_bypass,350,350,70,True,0,0.7714285714285715,0.6169663498842616,0.5150165696233626,0.4256675221008226,0.030725200765601812,0.4563927228664244,0.3427520957065018,0.5173471007464949,4.3244893201399614e-07,0.065467508965245,0.3858541371799865,0.5261138217463407,0.6903029250112711,0.5896969231215395,0.7974693531315716,True,0.0,False,,False,0.8901867514998241,0.8388709769031379,1.0717852201936635,0.17596012863031812
f2_direct_bypass_alpha2,f2_direct_bypass,350,350,71,True,0,0.7,0.4156624837530082,0.5173006612953733,0.4879585987419703,0.046884669843134996,0.5348432685851052,0.38989899387022464,0.5580997578016207,1.3366357110189419e-06,0.08939262791926236,0.4507804366667887,0.5882762093772862,0.6005440584399362,0.4764747843831793,0.716367182398538,True,0.0,False,,False,0.7753504228272071,0.9851681966806932,0.9686761056077425,-0.05158888464225185
f2_direct_bypass_alpha2,f2_direct_bypass,350,350,72,True,0,0.7057142857142857,0.42056223212022703,0.5413773925497705,0.4952025496832328,0.04061355647676779,0.5358161061600006,0.40325653913853726,0.5927442312676687,5.0466554588068944e-08,0.09041116144372709,0.46545125378856117,0.6047772661099678,0.555317599492582,0.4513328142542362,0.6772466640618254,True,0.0,False,,False,0.6882359898335113,1.1054800488274075,0.9702184841816515,-0.10374997959707113
f2_direct_bypass_alpha2,f2_direct_bypass,350,350,73,True,0,0.7514285714285714,0.5635688785959648,0.5898693431819588,0.39424555383278814,0.06774867207571322,0.46199422590850137,0.305417322408808,0.49552810043746914,7.476803098616092e-06,0.11766425420665969,0.39239079514747177,0.5341048413266519,0.6949776936954786,0.594000772984638,0.7795122865773499,True,0.0,False,,False,0.9999444558303526,0.9781576078721872,0.9666008993433466,0.06890060261488731
f2_direct_bypass_alpha2,f2_direct_bypass,350,350,74,True,0,0.7285714285714285,0.4990494161173359,0.5468836219623484,0.4210758472678331,0.06025994809951085,0.48133579536734394,0.3316154288034009,0.5099031408573735,5.317224034084857e-06,0.10948737613085548,0.4077108109640474,0.5478739063011995,0.6801172322784487,0.5909620942137529,0.7704673342434892,True,0.0,False,,False,0.9337761543261149,0.99931106433308,0.9935181009494715,0.030800892609490288
f2_direct_bypass_alpha2,f2_direct_bypass,350,350,75,True,0,0.6742857142857143,0.3421650916199033,0.5492340850422606,0.5608254356578396,3.136789387236938e-06,0.5608285724472268,0.4882632171343553,0.6211728759848045,1.0740526686647827e-07,2.2530996360872747e-05,0.4882636123166258,0.6211819086433426,0.6710164541337164,0.5420763112185049,0.7523478119795157,True,0.0,False,,False,0.9676953572080792,1.0172154403055043,0.9352270519702618,-0.09087805296729706
f2_direct_bypass_alpha2,f2_direct_bypass,350,350,76,True,0,0.7657142857142857,0.5524427560202616,0.4731857594724121,0.39402859653771793,0.038938214903373014,0.43296681144109095,0.3157510487628684,0.4790057149365738,3.4409094871457103e-07,0.06676233513114235,0.36080765332731246,0.5034151501291132,0.5805375366681756,0.47702289713994855,0.6888234810620828,True,0.0,False,,False,0.7767478541134418,0.8805068488908631,0.9179125018948779,0.11470505836391057
f2_direct_bypass_alpha2,f2_direct_bypass,350,350,77,True,0,0.7114285714285714,0.44901321052488047,0.5616427789034927,0.39751095493146416,0.08804770094501935,0.4855586558764835,0.3175770324638294,0.5023692914472807,0.03614017079760752,0.13466802673061068,0.41153994571583535,0.5628111856529857,0.662931161793468,0.5564422506646701,0.7693317443755233,True,0.01,False,,False,0.9532801478425679,1.0219913913687082,0.928862536946357,-0.024022804908635863
f2_direct_bypass_alpha2,f2_direct_bypass,350,350,78,True,0,0.7428571428571429,0.41003331232367357,0.4911306115042846,0.4270850805422568,0.045953890535676334,0.47303897107793313,0.3437271206636987,0.5136907698532718,1.7819058384715992e-06,0.08863500951277305,0.3971076156757469,0.5424943954093968,0.6452412851628196,0.5236206613706316,0.7585795879518925,True,0.0,False,,False,0.8728059943306011,0.8453565957094349,0.9676606733771147,-0.005399114279758034
f2_direct_bypass_alpha2,f2_direct_bypass,350,350,79,True,0,0.7628571428571429,0.5515654949494498,0.5113260254271802,0.4422489189059997,0.04002652091098047,0.4822754398169802,0.35510417894293983,0.5455368153310814,8.168883596643142e-07,0.09070677537041073,0.40422153374815717,0.5492123356372984,0.589347176721733,0.47270030193905527,0.7036322086235655,True,0.0,False,,False,0.7124062405100047,1.0274106139001882,1.0239923175175476,0.0055699956821374874
f2_direct_bypass_alpha2,f2_direct_bypass,350,350,80,True,0,0.7428571428571429,0.5698430933247367,0.49184278544809523,0.4740628701888445,0.018717279760870564,0.4927801499497151,0.3939301870232647,0.552782410506409,1.019174010408187e-07,0.05198995671645454,0.41733915789500237,0.5542225472894484,0.5345838685380085,0.41622928533362324,0.6567045387225043,True,0.0,False,,False,0.6278934826226026,1.01040991774373,1.0074275979419136,0.0732979968541393
f2_direct_bypass_alpha2,f2_direct_bypass,350,350,81,True,0,0.7657142857142857,0.5610980520430163,0.5019694621668079,0.38109398459935695,0.04834546180259269,0.42943944640194964,0.2895118816317094,0.4730640465790523,3.5275730751710445e-06,0.091566591888622,0.3547234429402872,0.500827431882127,0.6406726561398406,0.5211645998382639,0.7414695916623057,True,0.0,False,,False,0.8487697000381498,0.9610913230357828,0.9830830714895208,0.09153574881872283
f2_direct_bypass_alpha2,f2_direct_bypass,350,350,82,True,0,0.7457142857142857,0.39485074072609533,0.5258042006129223,0.4527173517075729,0.03778549631618666,0.49050284802375954,0.37522799337670976,0.54215212572218,9.511115439814201e-07,0.07033774709906486,0.41752208720951417,0.5685737834676075,0.6687979635044182,0.5284403538563737,0.7788485319104053,True,0.0,False,,False,0.869445976307544,0.9114004151541378,1.0346750107871538,-0.06866148867085448
f2_direct_bypass_alpha2,f2_direct_bypass,350,350,83,True,0,0.7114285714285714,0.48478280258418294,0.4448686099533331,0.4810302409747642,0.031589896749752655,0.5126201377245169,0.3998328416760503,0.5643755463700434,0.00607290561281933,0.056792253976111706,0.4452311020059111,0.5835258710307808,0.48609105169304956,0.3163567235870492,0.6038062935945561,True,0.0,False,,False,0.5365604019945606,0.8683286705581232,1.036652521005995,0.06798503395898949
f2_direct_bypass_alpha2,f2_direct_bypass,350,350,84,True,0,0.7428571428571429,0.5024333760031113,0.5107726547000332,0.39544731539226896,0.050092533651311166,0.4455398490435801,0.3209518720166848,0.47158909868825294,0.015125000666412798,0.08845665592767266,0.3781132395270386,0.5112189692062047,0.7049716474830544,0.6168398109866842,0.7834086976695654,True,0.0,False,,False,0.9740914687358764,0.7993683819328259,1.020425853673357,0.12330437200068539
f2_direct_bypass_alpha2,f2_direct_bypass,350,350,85,True,0,0.7314285714285714,0.47061623460603935,0.5633590835764238,0.4174550642934243,0.07145469287342565,0.48890975716685,0.3222786940201257,0.5264566100111351,2.017374269836504e-05,0.12981399114745132,0.420887626982576,0.5703852023553267,0.6956644658880495,0.602282478369685,0.7842745747447735,True,0.005,False,,False,0.954198347001811,0.9791586859740542,1.014880409368094,-0.007772723398427201
f2_direct_bypass_alpha2,f2_direct_bypass,350,350,86,True,0,0.76,0.5553507634340726,0.5485290561802432,0.47950860072376705,0.025908397106966907,0.5054169978307339,0.3988568519855036,0.5762182931139229,9.209315156299979e-08,0.06539101248012141,0.41573303671101514,0.587938142226586,0.7115383744214006,0.5985496119437457,0.8324142652909708,True,0.0,False,,False,1.0180175382661103,1.0123908417649135,0.9947311623740231,0.014444572422824235
f2_direct_bypass_alpha2,f2_direct_bypass,350,350,87,True,0,0.7971428571428572,0.6003537479781386,0.5544980483894146,0.35257015354044985,0.03835343681371861,0.39092359035416846,0.26028624145353285,0.4386158614630633,9.408051187181927e-07,0.09162796843014365,0.32027986785181706,0.44595041277915265,0.7146515647317226,0.604533915220712,0.8045332794160315,True,0.0,False,,False,1.056984317591799,1.0301454374575543,0.9666074039993515,0.08822464652281367
f2_direct_bypass_alpha2,f2_direct_bypass,350,350,88,True,0,0.7428571428571429,0.4703430817120179,0.5168269894835931,0.48290717968962277,0.023057652267434725,0.5059648319570575,0.41094447696301967,0.5544121814333227,2.5338585852574544e-07,0.05884982065732663,0.43440027364576383,0.573758963899342,0.6222416251509517,0.49890756020553584,0.7433277085689115,True,0.0,False,,False,0.7673769057898897,0.9169663412454485,1.0358229139765565,-0.0012395693126896277
f2_direct_bypass_alpha2,f2_direct_bypass,350,350,89,True,0,0.7314285714285714,0.5223345190846187,0.5120509070205264,0.45903048934158186,0.034746596073683134,0.493777085415265,0.3683626634932109,0.5463354892346405,9.301277834133931e-07,0.07223658670737805,0.4225853493499772,0.557664177258746,0.6533266807661362,0.5340135413114286,0.7556971162977308,True,0.0,False,,False,0.8885459826235106,0.9042314718755682,0.9712050686740874,0.08830340874747308
f2_direct_bypass_alpha2,f2_direct_bypass,350,350,90,True,0,0.7457142857142857,0.4537837195067611,0.5173189975930013,0.44040717159220305,0.057584569596166424,0.4979917411883695,0.34585726260527005,0.5266372824941166,0.021373194473412543,0.106849825067422,0.4202141205631674,0.5644301678608807,0.6137221110202807,0.49374315637350724,0.7316540740066995,True,0.0,False,,False,0.7252726717638275,1.0285664957170375,1.0717812549765982,-0.10164268037602538
f2_direct_bypass_alpha2,f2_direct_bypass,350,350,91,True,0,0.7314285714285714,0.5215350282314247,0.5154643118445291,0.45580146217482215,0.04152295120305394,0.4973244133778761,0.38253806493581516,0.5283238129438327,2.9925260558644195e-06,0.07063314214129524,0.4281478046597571,0.557435312779537,0.6943351474218944,0.5870688287055842,0.7816583854920015,True,0.0,False,,False,0.9327568741365206,0.8610852349751836,1.034375629709549,0.09591335107118444
f2_direct_bypass_alpha2,f2_direct_bypass,350,350,92,True,0,0.7628571428571429,0.4204561081831433,0.549725063496874,0.4313455791693741,5.194301052724448e-06,0.43135077347042683,0.35597162287073564,0.4884760528131737,5.794491145905136e-07,0.00010850076567424664,0.355976221403271,0.4885304815705589,0.707282943676422,0.6134221276260801,0.7975491759497425,True,0.0,False,,False,0.9801713420645813,0.9148907243718526,1.0207383200466644,0.007443106750982
f2_direct_bypass_alpha2,f2_direct_bypass,350,350,93,True,0,0.8057142857142857,0.5576113088620144,0.48736419143226656,0.36168815186393766,0.039301023152568226,0.4009891750165059,0.2814359215557996,0.4400154911287038,2.4546802040281708e-06,0.07165007148850128,0.33081981163144375,0.47702176068841584,0.6600489306112274,0.5377495008082058,0.7523185249198747,True,0.0,False,,False,0.8354102979446931,0.9375012205201255,1.0517382211667894,0.03796777520228777
f2_direct_bypass_alpha2,f2_direct_bypass,350,350,94,True,0,0.74,0.46854144549362786,0.5463758915490676,0.3871585675089828,0.07055421544370322,0.457712782952686,0.2827399364696188,0.4892442769686623,0.023579289997968822,0.11538362776135468,0.3806119415036203,0.533183943797982,0.709490922289189,0.6157310147179906,0.7997473096596328,True,0.01,False,,False,0.9585957432367568,0.9491401022198155,1.0502630674591462,0.002106880974175524
f2_direct_bypass_alpha2,f2_direct_bypass,350,350,95,True,0,0.8114285714285714,0.6887429249195316,0.5134483391799939,0.26740133278657463,0.0706768232643652,0.3380781560509398,0.17663911369630975,0.37908815123549333,0.016892963805185665,0.12544194307190293,0.26578349992206823,0.4145748310912529,0.6586329381353206,0.5623123827039679,0.7589497569735427,True,0.01,False,,False,0.8830806952648774,0.9642290032391505,0.991190441098367,0.19285385845141936
f2_direct_bypass_alpha2,f2_direct_bypass,350,350,96,True,0,0.7428571428571429,0.576499577188554,0.5035884175162727,0.47376527573965566,0.020178066092573443,0.4939433418322291,0.3953153306406009,0.5737513908757034,1.687431276597984e-07,0.04704718783560686,0.41268337101109337,0.5737605344290712,0.6402827099269945,0.540391131016935,0.7493805300425169,True,0.0,False,,False,0.8099784523869121,0.7836784328813149,1.0291017073361646,0.1936164826031886
f2_direct_bypass_alpha2,f2_direct_bypass,350,350,97,True,0,0.7314285714285714,0.48191627916168833,0.5378694881008288,0.4209326960469942,0.06161230073426449,0.4825449967812587,0.30958638180310516,0.5063624784152733,0.019980624332343128,0.1108857880228393,0.39292970922728643,0.556422398943719,0.644233704591478,0.5214862504033392,0.7503002241339839,True,0.0,False,,False,0.9030066716805438,0.929477643078461,0.9327995098893473,0.025143870847422294
f2_direct_bypass_alpha2,f2_direct_bypass,350,350,98,True,0,0.7028571428571428,0.4672264235552849,0.5524759613627914,0.5329173948225745,0.033356098200636786,0.5662734930232113,0.44599010449201293,0.6130738420089376,3.4357261833595224e-07,0.08176985389987838,0.48611256956055426,0.6241285861126087,0.6615191763593938,0.5593643538836476,0.7570365585297933,True,0.0,False,,False,0.9003447780874719,1.0760650562092915,0.9797468471249458,-0.04928505328142213
f2_direct_bypass_alpha2,f2_direct_bypass,350,350,99,True,0,0.7371428571428571,0.5721147776927304,0.5009880699222767,0.4805300390071221,0.03758334740953806,0.5181133864166602,0.4074800439124175,0.5710774312971697,3.960750063453093e-07,0.07158679080715491,0.45488115820443176,0.5978924591113666,0.6173197124821471,0.4837097946700915,0.729477717777803,True,0.0,False,,False,0.8052441317141252,1.0594916314527212,0.9744657759611842,0.02723338776590192
